Source,Target,Weight,Type
1,2,1,Directed
1,5,5,Directed
1,10,5,Directed
1,15,1,Directed
1,18,6,Directed
1,19,6,Directed
1,20,8,Directed
1,23,6,Directed
1,26,22,Directed
1,27,1,Directed
1,28,17,Directed
1,30,13,Directed
1,41,4,Directed
1,46,3,Directed
1,50,1,Directed
1,57,3,Directed
1,58,1,Directed
1,61,13,Directed
1,62,19,Directed
1,67,2,Directed
1,70,1,Directed
1,79,1,Directed
1,86,1,Directed
1,88,1,Directed
1,99,8,Directed
1,104,12,Directed
1,109,4,Directed
1,111,1,Directed
1,114,1,Directed
1,116,16,Directed
1,119,3,Directed
1,122,4,Directed
1,126,45,Directed
1,127,14,Directed
1,129,2,Directed
1,137,1,Directed
1,138,7,Directed
1,141,1,Directed
1,151,4,Directed
1,153,12,Directed
1,154,1,Directed
1,160,3,Directed
1,162,2,Directed
1,168,1,Directed
1,171,1,Directed
1,172,7,Directed
1,173,5,Directed
1,177,2,Directed
1,190,8,Directed
1,191,13,Directed
1,196,1,Directed
1,197,4,Directed
1,199,17,Directed
2,15,1,Directed
2,16,8,Directed
2,18,4,Directed
2,19,1,Directed
2,23,1,Directed
2,27,1,Directed
2,30,1,Directed
2,35,1,Directed
2,37,3,Directed
2,40,3,Directed
2,46,1,Directed
2,57,1,Directed
2,64,19,Directed
2,66,2,Directed
2,67,2,Directed
2,74,2,Directed
2,75,13,Directed
2,85,2,Directed
2,88,8,Directed
2,89,8,Directed
2,90,14,Directed
2,109,5,Directed
2,110,11,Directed
2,111,2,Directed
2,115,10,Directed
2,118,1,Directed
2,119,7,Directed
2,120,7,Directed
2,122,3,Directed
2,129,8,Directed
2,133,1,Directed
2,137,17,Directed
2,138,11,Directed
2,140,4,Directed
2,141,1,Directed
2,151,1,Directed
2,153,2,Directed
2,154,3,Directed
2,157,2,Directed
2,158,1,Directed
2,161,3,Directed
2,164,4,Directed
2,168,13,Directed
2,169,16,Directed
2,170,10,Directed
2,172,1,Directed
2,175,3,Directed
2,191,4,Directed
2,196,3,Directed
2,201,7,Directed
2,202,4,Directed
2,203,28,Directed
5,1,1,Directed
5,2,1,Directed
5,10,7,Directed
5,11,6,Directed
5,16,7,Directed
5,18,8,Directed
5,19,9,Directed
5,20,28,Directed
5,23,1,Directed
5,26,1,Directed
5,28,1,Directed
5,41,13,Directed
5,46,2,Directed
5,50,1,Directed
5,57,4,Directed
5,58,2,Directed
5,61,1,Directed
5,62,4,Directed
5,67,2,Directed
5,69,2,Directed
5,80,6,Directed
5,85,3,Directed
5,87,1,Directed
5,89,1,Directed
5,109,9,Directed
5,110,1,Directed
5,111,4,Directed
5,112,4,Directed
5,113,2,Directed
5,115,2,Directed
5,116,6,Directed
5,119,3,Directed
5,122,2,Directed
5,126,7,Directed
5,127,5,Directed
5,129,1,Directed
5,133,1,Directed
5,137,10,Directed
5,138,7,Directed
5,153,10,Directed
5,154,2,Directed
5,157,10,Directed
5,158,2,Directed
5,164,4,Directed
5,168,6,Directed
5,169,3,Directed
5,173,2,Directed
5,189,3,Directed
5,190,11,Directed
5,191,13,Directed
5,195,3,Directed
5,196,1,Directed
5,197,16,Directed
5,199,3,Directed
5,203,3,Directed
10,1,2,Directed
10,2,1,Directed
10,5,8,Directed
10,16,1,Directed
10,18,7,Directed
10,19,9,Directed
10,20,11,Directed
10,22,1,Directed
10,37,1,Directed
10,41,33,Directed
10,46,2,Directed
10,50,5,Directed
10,57,1,Directed
10,61,2,Directed
10,62,13,Directed
10,69,1,Directed
10,70,1,Directed
10,79,2,Directed
10,87,1,Directed
10,104,1,Directed
10,111,2,Directed
10,112,2,Directed
10,119,2,Directed
10,122,2,Directed
10,126,5,Directed
10,127,2,Directed
10,137,2,Directed
10,138,8,Directed
10,140,1,Directed
10,141,1,Directed
10,153,13,Directed
10,157,2,Directed
10,158,1,Directed
10,159,1,Directed
10,162,4,Directed
10,164,2,Directed
10,169,1,Directed
10,170,5,Directed
10,177,17,Directed
10,189,2,Directed
10,190,8,Directed
10,191,9,Directed
10,197,19,Directed
10,199,1,Directed
11,5,2,Directed
11,19,1,Directed
11,20,1,Directed
11,28,1,Directed
11,41,6,Directed
11,62,3,Directed
11,80,7,Directed
11,87,3,Directed
11,119,2,Directed
11,126,1,Directed
11,127,1,Directed
11,138,1,Directed
11,154,2,Directed
11,168,2,Directed
11,191,1,Directed
11,197,4,Directed
13,18,1,Directed
13,62,3,Directed
13,153,1,Directed
13,162,6,Directed
13,164,2,Directed
15,2,1,Directed
15,16,28,Directed
15,18,6,Directed
15,19,5,Directed
15,20,1,Directed
15,23,24,Directed
15,35,13,Directed
15,40,6,Directed
15,41,1,Directed
15,46,10,Directed
15,50,3,Directed
15,58,4,Directed
15,61,4,Directed
15,66,9,Directed
15,67,1,Directed
15,68,11,Directed
15,69,8,Directed
15,70,1,Directed
15,79,1,Directed
15,85,2,Directed
15,87,8,Directed
15,88,7,Directed
15,89,2,Directed
15,90,13,Directed
15,101,1,Directed
15,106,2,Directed
15,108,2,Directed
15,109,12,Directed
15,110,12,Directed
15,111,12,Directed
15,112,15,Directed
15,113,1,Directed
15,114,8,Directed
15,115,14,Directed
15,116,1,Directed
15,118,2,Directed
15,119,18,Directed
15,120,18,Directed
15,122,3,Directed
15,126,3,Directed
15,127,6,Directed
15,129,10,Directed
15,135,1,Directed
15,137,13,Directed
15,138,29,Directed
15,140,8,Directed
15,141,5,Directed
15,147,2,Directed
15,151,1,Directed
15,153,8,Directed
15,154,15,Directed
15,159,1,Directed
15,161,2,Directed
15,162,2,Directed
15,164,31,Directed
15,168,6,Directed
15,169,2,Directed
15,170,10,Directed
15,171,2,Directed
15,172,1,Directed
15,173,10,Directed
15,189,5,Directed
15,191,1,Directed
15,195,2,Directed
15,196,4,Directed
15,197,2,Directed
15,201,2,Directed
15,202,2,Directed
15,203,19,Directed
16,2,19,Directed
16,5,1,Directed
16,10,1,Directed
16,13,1,Directed
16,15,34,Directed
16,18,19,Directed
16,19,7,Directed
16,20,2,Directed
16,21,4,Directed
16,23,11,Directed
16,26,2,Directed
16,27,2,Directed
16,35,9,Directed
16,37,5,Directed
16,40,5,Directed
16,41,2,Directed
16,46,12,Directed
16,57,8,Directed
16,58,10,Directed
16,61,1,Directed
16,64,1,Directed
16,66,5,Directed
16,67,1,Directed
16,68,4,Directed
16,69,5,Directed
16,74,1,Directed
16,75,1,Directed
16,85,5,Directed
16,87,5,Directed
16,88,10,Directed
16,89,14,Directed
16,90,23,Directed
16,101,1,Directed
16,104,6,Directed
16,108,1,Directed
16,109,43,Directed
16,110,14,Directed
16,111,18,Directed
16,112,6,Directed
16,114,4,Directed
16,115,4,Directed
16,116,7,Directed
16,118,4,Directed
16,119,35,Directed
16,120,13,Directed
16,122,12,Directed
16,126,1,Directed
16,127,8,Directed
16,129,1,Directed
16,137,21,Directed
16,138,27,Directed
16,140,14,Directed
16,141,19,Directed
16,147,1,Directed
16,151,1,Directed
16,153,5,Directed
16,154,6,Directed
16,157,2,Directed
16,158,11,Directed
16,161,1,Directed
16,164,21,Directed
16,168,14,Directed
16,169,6,Directed
16,170,17,Directed
16,171,3,Directed
16,172,2,Directed
16,173,2,Directed
16,177,2,Directed
16,189,6,Directed
16,190,1,Directed
16,191,3,Directed
16,195,1,Directed
16,196,2,Directed
16,197,1,Directed
16,201,11,Directed
16,202,1,Directed
16,203,12,Directed
18,2,2,Directed
18,5,14,Directed
18,10,6,Directed
18,15,6,Directed
18,16,17,Directed
18,19,7,Directed
18,20,5,Directed
18,21,1,Directed
18,23,10,Directed
18,26,4,Directed
18,28,4,Directed
18,35,4,Directed
18,37,6,Directed
18,40,1,Directed
18,41,10,Directed
18,46,10,Directed
18,50,4,Directed
18,57,53,Directed
18,58,38,Directed
18,61,1,Directed
18,62,1,Directed
18,64,3,Directed
18,66,7,Directed
18,67,1,Directed
18,68,5,Directed
18,69,5,Directed
18,74,1,Directed
18,75,2,Directed
18,80,1,Directed
18,85,4,Directed
18,87,10,Directed
18,88,5,Directed
18,89,5,Directed
18,90,13,Directed
18,104,7,Directed
18,109,33,Directed
18,110,7,Directed
18,111,19,Directed
18,112,10,Directed
18,113,6,Directed
18,114,15,Directed
18,115,10,Directed
18,116,4,Directed
18,118,8,Directed
18,119,20,Directed
18,120,5,Directed
18,122,7,Directed
18,126,3,Directed
18,127,12,Directed
18,133,1,Directed
18,137,30,Directed
18,138,32,Directed
18,140,5,Directed
18,141,10,Directed
18,153,10,Directed
18,154,7,Directed
18,157,14,Directed
18,158,14,Directed
18,159,1,Directed
18,162,1,Directed
18,164,13,Directed
18,168,12,Directed
18,169,12,Directed
18,170,11,Directed
18,171,1,Directed
18,172,3,Directed
18,173,8,Directed
18,189,6,Directed
18,190,4,Directed
18,191,29,Directed
18,195,1,Directed
18,196,11,Directed
18,197,8,Directed
18,199,2,Directed
18,201,4,Directed
18,202,5,Directed
18,203,5,Directed
19,1,2,Directed
19,2,2,Directed
19,5,20,Directed
19,10,12,Directed
19,11,2,Directed
19,15,5,Directed
19,16,9,Directed
19,18,9,Directed
19,20,7,Directed
19,23,7,Directed
19,26,2,Directed
19,27,4,Directed
19,28,7,Directed
19,30,4,Directed
19,37,1,Directed
19,40,1,Directed
19,41,26,Directed
19,46,3,Directed
19,50,1,Directed
19,57,42,Directed
19,58,34,Directed
19,61,9,Directed
19,62,9,Directed
19,67,2,Directed
19,68,11,Directed
19,74,4,Directed
19,85,5,Directed
19,86,2,Directed
19,87,4,Directed
19,88,5,Directed
19,89,1,Directed
19,90,4,Directed
19,104,6,Directed
19,108,1,Directed
19,109,17,Directed
19,110,3,Directed
19,111,6,Directed
19,112,9,Directed
19,113,3,Directed
19,114,3,Directed
19,116,15,Directed
19,118,1,Directed
19,119,9,Directed
19,120,1,Directed
19,122,1,Directed
19,126,13,Directed
19,127,11,Directed
19,137,8,Directed
19,138,6,Directed
19,140,1,Directed
19,141,1,Directed
19,153,33,Directed
19,154,5,Directed
19,157,15,Directed
19,158,20,Directed
19,162,3,Directed
19,164,8,Directed
19,168,10,Directed
19,169,3,Directed
19,170,1,Directed
19,172,12,Directed
19,173,7,Directed
19,189,5,Directed
19,190,10,Directed
19,191,24,Directed
19,196,8,Directed
19,197,12,Directed
19,199,1,Directed
19,201,1,Directed
19,202,1,Directed
20,1,5,Directed
20,5,17,Directed
20,10,8,Directed
20,11,1,Directed
20,15,5,Directed
20,16,15,Directed
20,18,11,Directed
20,19,7,Directed
20,23,2,Directed
20,27,2,Directed
20,28,2,Directed
20,30,1,Directed
20,41,42,Directed
20,46,4,Directed
20,50,3,Directed
20,57,16,Directed
20,58,8,Directed
20,61,1,Directed
20,62,7,Directed
20,66,2,Directed
20,67,1,Directed
20,68,2,Directed
20,79,1,Directed
20,87,1,Directed
20,88,1,Directed
20,89,1,Directed
20,90,2,Directed
20,104,2,Directed
20,109,16,Directed
20,110,3,Directed
20,111,4,Directed
20,112,2,Directed
20,113,3,Directed
20,114,3,Directed
20,115,7,Directed
20,116,8,Directed
20,119,7,Directed
20,122,1,Directed
20,126,7,Directed
20,127,5,Directed
20,137,8,Directed
20,138,23,Directed
20,140,1,Directed
20,141,2,Directed
20,153,11,Directed
20,154,2,Directed
20,158,1,Directed
20,162,2,Directed
20,164,3,Directed
20,168,6,Directed
20,169,2,Directed
20,170,2,Directed
20,172,5,Directed
20,173,2,Directed
20,177,3,Directed
20,189,2,Directed
20,190,12,Directed
20,191,38,Directed
20,197,19,Directed
21,15,1,Directed
21,16,2,Directed
21,18,2,Directed
21,19,1,Directed
21,22,4,Directed
21,23,3,Directed
21,46,2,Directed
21,58,2,Directed
21,62,1,Directed
21,64,1,Directed
21,67,9,Directed
21,69,2,Directed
21,70,2,Directed
21,99,1,Directed
21,104,5,Directed
21,112,1,Directed
21,118,7,Directed
21,122,1,Directed
21,135,2,Directed
21,138,1,Directed
21,147,10,Directed
21,151,18,Directed
21,156,6,Directed
21,159,3,Directed
21,171,4,Directed
21,191,1,Directed
21,195,4,Directed
21,202,3,Directed
22,15,1,Directed
22,18,1,Directed
22,21,4,Directed
22,27,1,Directed
22,35,1,Directed
22,67,4,Directed
22,68,3,Directed
22,70,2,Directed
22,74,2,Directed
22,79,2,Directed
22,86,1,Directed
22,89,1,Directed
22,118,2,Directed
22,135,4,Directed
22,138,1,Directed
22,147,9,Directed
22,151,3,Directed
22,153,1,Directed
22,156,3,Directed
22,159,1,Directed
22,162,1,Directed
22,171,1,Directed
22,195,4,Directed
22,196,1,Directed
22,199,1,Directed
23,1,3,Directed
23,2,4,Directed
23,5,4,Directed
23,10,4,Directed
23,11,1,Directed
23,15,13,Directed
23,16,7,Directed
23,18,21,Directed
23,19,16,Directed
23,20,5,Directed
23,21,1,Directed
23,27,2,Directed
23,28,10,Directed
23,35,7,Directed
23,37,3,Directed
23,40,1,Directed
23,41,11,Directed
23,46,12,Directed
23,50,5,Directed
23,57,12,Directed
23,58,16,Directed
23,61,3,Directed
23,62,11,Directed
23,66,5,Directed
23,67,1,Directed
23,68,8,Directed
23,69,7,Directed
23,74,3,Directed
23,75,2,Directed
23,85,2,Directed
23,86,2,Directed
23,87,4,Directed
23,88,4,Directed
23,89,3,Directed
23,90,7,Directed
23,104,7,Directed
23,109,16,Directed
23,110,6,Directed
23,111,9,Directed
23,112,20,Directed
23,113,8,Directed
23,114,13,Directed
23,115,9,Directed
23,116,14,Directed
23,118,5,Directed
23,119,12,Directed
23,120,11,Directed
23,122,2,Directed
23,126,30,Directed
23,127,10,Directed
23,135,3,Directed
23,137,16,Directed
23,138,28,Directed
23,141,3,Directed
23,147,1,Directed
23,151,3,Directed
23,153,38,Directed
23,154,8,Directed
23,157,1,Directed
23,158,8,Directed
23,159,1,Directed
23,162,2,Directed
23,164,16,Directed
23,168,4,Directed
23,169,9,Directed
23,170,4,Directed
23,171,2,Directed
23,172,7,Directed
23,173,16,Directed
23,177,1,Directed
23,189,1,Directed
23,190,8,Directed
23,191,9,Directed
23,195,4,Directed
23,196,2,Directed
23,197,6,Directed
23,199,1,Directed
23,201,1,Directed
23,202,2,Directed
23,203,1,Directed
26,1,27,Directed
26,5,1,Directed
26,13,1,Directed
26,18,1,Directed
26,20,1,Directed
26,21,2,Directed
26,23,1,Directed
26,27,15,Directed
26,28,27,Directed
26,30,3,Directed
26,40,1,Directed
26,41,1,Directed
26,50,1,Directed
26,57,5,Directed
26,61,5,Directed
26,62,4,Directed
26,66,1,Directed
26,67,4,Directed
26,68,1,Directed
26,69,5,Directed
26,74,6,Directed
26,79,8,Directed
26,86,7,Directed
26,90,2,Directed
26,99,14,Directed
26,101,1,Directed
26,104,21,Directed
26,109,3,Directed
26,111,1,Directed
26,112,2,Directed
26,113,1,Directed
26,114,17,Directed
26,115,1,Directed
26,116,2,Directed
26,120,1,Directed
26,126,7,Directed
26,127,5,Directed
26,135,5,Directed
26,138,12,Directed
26,147,4,Directed
26,151,11,Directed
26,153,7,Directed
26,154,5,Directed
26,156,3,Directed
26,159,7,Directed
26,160,6,Directed
26,162,5,Directed
26,164,1,Directed
26,168,2,Directed
26,169,4,Directed
26,172,3,Directed
26,173,11,Directed
26,177,1,Directed
26,190,2,Directed
26,191,1,Directed
26,196,2,Directed
26,199,11,Directed
26,200,1,Directed
26,203,3,Directed
27,1,7,Directed
27,5,1,Directed
27,10,1,Directed
27,16,1,Directed
27,18,3,Directed
27,20,2,Directed
27,23,4,Directed
27,26,9,Directed
27,28,14,Directed
27,46,3,Directed
27,50,1,Directed
27,61,4,Directed
27,62,1,Directed
27,68,2,Directed
27,99,9,Directed
27,104,8,Directed
27,109,1,Directed
27,110,1,Directed
27,112,1,Directed
27,114,11,Directed
27,120,1,Directed
27,126,1,Directed
27,127,3,Directed
27,135,1,Directed
27,138,5,Directed
27,160,1,Directed
27,162,1,Directed
27,164,1,Directed
27,168,2,Directed
27,172,1,Directed
27,173,12,Directed
27,191,1,Directed
27,195,1,Directed
27,196,3,Directed
27,199,2,Directed
27,202,2,Directed
28,1,21,Directed
28,13,2,Directed
28,15,5,Directed
28,16,3,Directed
28,18,6,Directed
28,19,2,Directed
28,20,2,Directed
28,23,6,Directed
28,26,32,Directed
28,27,12,Directed
28,30,5,Directed
28,37,3,Directed
28,46,5,Directed
28,57,3,Directed
28,61,18,Directed
28,62,3,Directed
28,66,7,Directed
28,70,6,Directed
28,86,2,Directed
28,87,2,Directed
28,99,5,Directed
28,104,8,Directed
28,109,1,Directed
28,111,6,Directed
28,112,5,Directed
28,113,4,Directed
28,114,9,Directed
28,116,2,Directed
28,119,2,Directed
28,126,8,Directed
28,127,4,Directed
28,135,2,Directed
28,138,8,Directed
28,147,2,Directed
28,151,3,Directed
28,153,10,Directed
28,154,3,Directed
28,156,1,Directed
28,159,1,Directed
28,162,1,Directed
28,164,3,Directed
28,169,2,Directed
28,170,4,Directed
28,172,3,Directed
28,173,7,Directed
28,189,1,Directed
28,190,1,Directed
28,191,6,Directed
28,196,14,Directed
28,199,2,Directed
30,1,10,Directed
30,19,2,Directed
30,23,1,Directed
30,26,9,Directed
30,28,5,Directed
30,41,5,Directed
30,46,3,Directed
30,58,2,Directed
30,61,3,Directed
30,62,2,Directed
30,67,2,Directed
30,74,2,Directed
30,104,7,Directed
30,113,1,Directed
30,114,2,Directed
30,119,2,Directed
30,120,1,Directed
30,126,3,Directed
30,127,3,Directed
30,138,9,Directed
30,147,1,Directed
30,151,1,Directed
30,153,13,Directed
30,154,1,Directed
30,164,1,Directed
30,170,2,Directed
30,172,3,Directed
30,173,2,Directed
30,191,1,Directed
30,195,4,Directed
30,196,4,Directed
30,199,4,Directed
35,1,2,Directed
35,5,1,Directed
35,15,10,Directed
35,16,9,Directed
35,23,9,Directed
35,26,1,Directed
35,28,2,Directed
35,37,1,Directed
35,46,4,Directed
35,57,1,Directed
35,61,2,Directed
35,64,4,Directed
35,66,7,Directed
35,67,9,Directed
35,68,1,Directed
35,69,3,Directed
35,70,5,Directed
35,74,1,Directed
35,87,1,Directed
35,88,3,Directed
35,89,8,Directed
35,90,2,Directed
35,101,2,Directed
35,109,3,Directed
35,110,3,Directed
35,111,2,Directed
35,112,12,Directed
35,114,3,Directed
35,115,1,Directed
35,118,11,Directed
35,119,6,Directed
35,120,4,Directed
35,122,3,Directed
35,137,1,Directed
35,138,18,Directed
35,140,3,Directed
35,141,6,Directed
35,147,4,Directed
35,153,4,Directed
35,154,5,Directed
35,158,2,Directed
35,164,3,Directed
35,168,1,Directed
35,169,4,Directed
35,170,2,Directed
35,171,8,Directed
35,172,1,Directed
35,190,1,Directed
35,195,1,Directed
35,196,1,Directed
35,201,1,Directed
35,203,8,Directed
37,2,4,Directed
37,5,1,Directed
37,10,2,Directed
37,15,3,Directed
37,16,10,Directed
37,18,7,Directed
37,19,2,Directed
37,20,2,Directed
37,23,1,Directed
37,40,1,Directed
37,41,2,Directed
37,46,1,Directed
37,57,4,Directed
37,58,4,Directed
37,62,1,Directed
37,64,1,Directed
37,66,1,Directed
37,68,2,Directed
37,70,1,Directed
37,75,1,Directed
37,85,5,Directed
37,87,4,Directed
37,88,13,Directed
37,89,4,Directed
37,90,6,Directed
37,104,1,Directed
37,109,10,Directed
37,110,8,Directed
37,111,5,Directed
37,114,1,Directed
37,115,3,Directed
37,119,7,Directed
37,120,1,Directed
37,122,4,Directed
37,127,2,Directed
37,133,5,Directed
37,135,1,Directed
37,137,10,Directed
37,138,2,Directed
37,140,5,Directed
37,141,8,Directed
37,147,1,Directed
37,153,1,Directed
37,154,2,Directed
37,157,3,Directed
37,158,3,Directed
37,159,2,Directed
37,164,4,Directed
37,168,26,Directed
37,169,5,Directed
37,170,5,Directed
37,171,2,Directed
37,172,1,Directed
37,189,17,Directed
37,196,1,Directed
37,197,2,Directed
37,201,2,Directed
37,202,4,Directed
40,2,1,Directed
40,5,2,Directed
40,15,6,Directed
40,16,4,Directed
40,18,3,Directed
40,23,7,Directed
40,26,1,Directed
40,30,1,Directed
40,37,3,Directed
40,68,3,Directed
40,74,1,Directed
40,75,1,Directed
40,85,2,Directed
40,87,4,Directed
40,88,4,Directed
40,89,1,Directed
40,90,3,Directed
40,109,2,Directed
40,110,5,Directed
40,111,12,Directed
40,114,2,Directed
40,115,7,Directed
40,119,13,Directed
40,120,1,Directed
40,122,6,Directed
40,137,6,Directed
40,138,4,Directed
40,140,1,Directed
40,141,2,Directed
40,154,1,Directed
40,157,1,Directed
40,158,4,Directed
40,164,12,Directed
40,168,5,Directed
40,169,2,Directed
40,170,3,Directed
40,189,2,Directed
40,191,2,Directed
40,196,2,Directed
40,201,3,Directed
40,202,3,Directed
41,1,6,Directed
41,2,1,Directed
41,5,23,Directed
41,10,29,Directed
41,11,3,Directed
41,15,3,Directed
41,16,1,Directed
41,18,13,Directed
41,19,13,Directed
41,20,35,Directed
41,23,4,Directed
41,28,1,Directed
41,30,6,Directed
41,37,1,Directed
41,46,7,Directed
41,50,9,Directed
41,57,8,Directed
41,58,6,Directed
41,62,5,Directed
41,67,1,Directed
41,68,4,Directed
41,69,2,Directed
41,74,1,Directed
41,75,1,Directed
41,87,6,Directed
41,88,1,Directed
41,90,2,Directed
41,99,1,Directed
41,106,1,Directed
41,109,7,Directed
41,110,3,Directed
41,111,3,Directed
41,112,3,Directed
41,113,3,Directed
41,114,1,Directed
41,115,4,Directed
41,116,9,Directed
41,118,1,Directed
41,119,1,Directed
41,120,1,Directed
41,122,1,Directed
41,126,17,Directed
41,127,10,Directed
41,137,2,Directed
41,138,18,Directed
41,141,1,Directed
41,153,17,Directed
41,154,3,Directed
41,157,1,Directed
41,158,6,Directed
41,164,7,Directed
41,168,6,Directed
41,170,1,Directed
41,172,16,Directed
41,173,1,Directed
41,177,3,Directed
41,189,2,Directed
41,190,14,Directed
41,191,33,Directed
41,197,18,Directed
41,203,4,Directed
46,1,3,Directed
46,2,3,Directed
46,5,2,Directed
46,10,1,Directed
46,15,13,Directed
46,16,16,Directed
46,18,11,Directed
46,19,3,Directed
46,20,4,Directed
46,21,1,Directed
46,23,5,Directed
46,27,3,Directed
46,28,9,Directed
46,30,1,Directed
46,35,6,Directed
46,37,2,Directed
46,40,1,Directed
46,41,4,Directed
46,50,4,Directed
46,57,8,Directed
46,58,10,Directed
46,61,1,Directed
46,64,1,Directed
46,66,5,Directed
46,67,7,Directed
46,68,5,Directed
46,69,5,Directed
46,70,7,Directed
46,75,1,Directed
46,85,4,Directed
46,86,1,Directed
46,87,3,Directed
46,88,5,Directed
46,89,7,Directed
46,90,7,Directed
46,99,1,Directed
46,104,4,Directed
46,109,29,Directed
46,110,6,Directed
46,111,7,Directed
46,112,6,Directed
46,113,5,Directed
46,114,7,Directed
46,115,6,Directed
46,116,5,Directed
46,118,18,Directed
46,119,19,Directed
46,120,11,Directed
46,122,3,Directed
46,126,10,Directed
46,127,3,Directed
46,129,1,Directed
46,133,2,Directed
46,135,4,Directed
46,137,11,Directed
46,138,19,Directed
46,140,1,Directed
46,141,3,Directed
46,147,4,Directed
46,153,11,Directed
46,154,3,Directed
46,157,7,Directed
46,158,11,Directed
46,159,4,Directed
46,161,1,Directed
46,162,1,Directed
46,164,10,Directed
46,168,5,Directed
46,169,2,Directed
46,170,4,Directed
46,171,8,Directed
46,172,2,Directed
46,173,12,Directed
46,175,1,Directed
46,189,1,Directed
46,190,3,Directed
46,191,1,Directed
46,195,3,Directed
46,196,9,Directed
46,199,1,Directed
46,201,5,Directed
46,202,5,Directed
46,203,3,Directed
50,1,3,Directed
50,5,1,Directed
50,10,3,Directed
50,13,1,Directed
50,15,1,Directed
50,16,1,Directed
50,18,2,Directed
50,19,5,Directed
50,20,4,Directed
50,21,1,Directed
50,23,1,Directed
50,27,1,Directed
50,30,2,Directed
50,41,5,Directed
50,46,2,Directed
50,57,3,Directed
50,58,4,Directed
50,61,2,Directed
50,62,2,Directed
50,89,1,Directed
50,109,1,Directed
50,113,1,Directed
50,115,1,Directed
50,116,3,Directed
50,126,7,Directed
50,127,9,Directed
50,133,2,Directed
50,137,4,Directed
50,138,2,Directed
50,153,8,Directed
50,154,3,Directed
50,157,2,Directed
50,158,4,Directed
50,162,1,Directed
50,164,3,Directed
50,169,2,Directed
50,172,3,Directed
50,173,3,Directed
50,177,2,Directed
50,190,1,Directed
50,191,11,Directed
50,196,3,Directed
50,197,6,Directed
50,199,2,Directed
50,203,1,Directed
57,5,2,Directed
57,10,2,Directed
57,15,3,Directed
57,16,8,Directed
57,18,21,Directed
57,19,36,Directed
57,20,9,Directed
57,23,13,Directed
57,26,3,Directed
57,27,1,Directed
57,28,1,Directed
57,37,10,Directed
57,40,3,Directed
57,41,7,Directed
57,46,8,Directed
57,58,8,Directed
57,62,1,Directed
57,66,2,Directed
57,67,3,Directed
57,68,2,Directed
57,75,2,Directed
57,85,6,Directed
57,87,4,Directed
57,88,2,Directed
57,89,1,Directed
57,90,1,Directed
57,104,1,Directed
57,109,22,Directed
57,110,2,Directed
57,111,7,Directed
57,112,7,Directed
57,113,10,Directed
57,114,6,Directed
57,115,4,Directed
57,119,4,Directed
57,120,9,Directed
57,122,2,Directed
57,127,4,Directed
57,137,15,Directed
57,138,19,Directed
57,141,5,Directed
57,153,7,Directed
57,154,3,Directed
57,157,27,Directed
57,158,9,Directed
57,159,3,Directed
57,164,25,Directed
57,168,9,Directed
57,169,4,Directed
57,172,4,Directed
57,173,6,Directed
57,189,10,Directed
57,190,4,Directed
57,191,18,Directed
57,195,1,Directed
57,196,7,Directed
57,197,5,Directed
57,201,3,Directed
57,202,1,Directed
58,2,4,Directed
58,5,5,Directed
58,10,1,Directed
58,15,2,Directed
58,16,6,Directed
58,18,21,Directed
58,19,31,Directed
58,20,4,Directed
58,23,17,Directed
58,26,1,Directed
58,35,2,Directed
58,37,6,Directed
58,40,2,Directed
58,41,16,Directed
58,46,19,Directed
58,50,3,Directed
58,57,21,Directed
58,61,1,Directed
58,64,1,Directed
58,67,4,Directed
58,68,1,Directed
58,74,1,Directed
58,75,1,Directed
58,85,8,Directed
58,87,9,Directed
58,88,3,Directed
58,90,4,Directed
58,104,1,Directed
58,109,21,Directed
58,110,8,Directed
58,111,14,Directed
58,112,5,Directed
58,113,6,Directed
58,114,6,Directed
58,115,3,Directed
58,116,2,Directed
58,126,2,Directed
58,127,17,Directed
58,129,2,Directed
58,133,1,Directed
58,137,17,Directed
58,138,11,Directed
58,141,3,Directed
58,153,5,Directed
58,154,3,Directed
58,157,12,Directed
58,158,40,Directed
58,159,1,Directed
58,164,23,Directed
58,168,15,Directed
58,169,3,Directed
58,170,6,Directed
58,172,1,Directed
58,173,2,Directed
58,189,6,Directed
58,190,2,Directed
58,191,14,Directed
58,195,3,Directed
58,196,18,Directed
58,197,3,Directed
58,201,2,Directed
58,203,4,Directed
61,1,9,Directed
61,5,1,Directed
61,15,2,Directed
61,18,2,Directed
61,19,8,Directed
61,23,9,Directed
61,26,10,Directed
61,27,2,Directed
61,28,17,Directed
61,30,1,Directed
61,41,3,Directed
61,46,3,Directed
61,62,4,Directed
61,79,1,Directed
61,87,1,Directed
61,104,5,Directed
61,109,2,Directed
61,112,5,Directed
61,113,1,Directed
61,114,4,Directed
61,116,3,Directed
61,119,8,Directed
61,126,1,Directed
61,127,10,Directed
61,133,2,Directed
61,138,5,Directed
61,140,1,Directed
61,147,4,Directed
61,153,2,Directed
61,154,1,Directed
61,158,1,Directed
61,164,2,Directed
61,168,1,Directed
61,169,2,Directed
61,171,1,Directed
61,172,2,Directed
61,173,6,Directed
61,190,1,Directed
61,191,1,Directed
61,196,7,Directed
61,199,10,Directed
62,1,17,Directed
62,5,6,Directed
62,10,8,Directed
62,11,2,Directed
62,13,1,Directed
62,16,4,Directed
62,18,2,Directed
62,19,1,Directed
62,20,8,Directed
62,21,2,Directed
62,23,9,Directed
62,26,7,Directed
62,27,2,Directed
62,28,4,Directed
62,30,5,Directed
62,41,5,Directed
62,46,1,Directed
62,50,1,Directed
62,57,1,Directed
62,58,3,Directed
62,61,1,Directed
62,66,1,Directed
62,67,3,Directed
62,68,1,Directed
62,69,2,Directed
62,70,2,Directed
62,75,1,Directed
62,85,1,Directed
62,86,2,Directed
62,99,13,Directed
62,104,4,Directed
62,109,1,Directed
62,110,5,Directed
62,112,4,Directed
62,113,5,Directed
62,114,4,Directed
62,115,2,Directed
62,116,19,Directed
62,119,4,Directed
62,126,46,Directed
62,127,17,Directed
62,137,3,Directed
62,138,11,Directed
62,141,3,Directed
62,147,1,Directed
62,151,3,Directed
62,153,33,Directed
62,154,4,Directed
62,162,35,Directed
62,164,5,Directed
62,169,3,Directed
62,172,7,Directed
62,173,3,Directed
62,177,53,Directed
62,190,13,Directed
62,191,16,Directed
62,197,12,Directed
62,199,1,Directed
62,203,1,Directed
64,2,10,Directed
64,5,1,Directed
64,15,1,Directed
64,46,1,Directed
64,67,2,Directed
64,75,4,Directed
64,88,6,Directed
64,90,3,Directed
64,104,1,Directed
64,109,2,Directed
64,110,2,Directed
64,111,1,Directed
64,119,6,Directed
64,129,1,Directed
64,133,1,Directed
64,135,1,Directed
64,137,9,Directed
64,138,2,Directed
64,154,3,Directed
64,168,2,Directed
64,169,2,Directed
64,175,15,Directed
64,201,2,Directed
66,2,1,Directed
66,15,3,Directed
66,16,8,Directed
66,18,9,Directed
66,20,1,Directed
66,23,2,Directed
66,28,2,Directed
66,35,12,Directed
66,37,2,Directed
66,41,1,Directed
66,46,10,Directed
66,57,1,Directed
66,64,1,Directed
66,67,7,Directed
66,68,1,Directed
66,69,3,Directed
66,70,3,Directed
66,85,1,Directed
66,88,1,Directed
66,89,2,Directed
66,90,1,Directed
66,99,2,Directed
66,108,2,Directed
66,109,1,Directed
66,110,3,Directed
66,112,4,Directed
66,114,3,Directed
66,115,4,Directed
66,118,3,Directed
66,119,4,Directed
66,120,5,Directed
66,122,3,Directed
66,127,2,Directed
66,135,2,Directed
66,137,4,Directed
66,138,3,Directed
66,140,1,Directed
66,153,1,Directed
66,154,6,Directed
66,157,3,Directed
66,164,15,Directed
66,168,1,Directed
66,169,1,Directed
66,170,1,Directed
66,171,3,Directed
66,173,1,Directed
66,189,2,Directed
66,196,3,Directed
66,202,2,Directed
66,203,2,Directed
67,5,2,Directed
67,10,2,Directed
67,15,2,Directed
67,16,5,Directed
67,18,3,Directed
67,19,3,Directed
67,21,8,Directed
67,22,1,Directed
67,23,8,Directed
67,26,1,Directed
67,28,2,Directed
67,30,2,Directed
67,35,15,Directed
67,41,2,Directed
67,46,10,Directed
67,50,1,Directed
67,57,6,Directed
67,58,2,Directed
67,61,2,Directed
67,62,3,Directed
67,64,1,Directed
67,66,2,Directed
67,68,11,Directed
67,69,24,Directed
67,70,25,Directed
67,71,2,Directed
67,74,32,Directed
67,79,1,Directed
67,86,14,Directed
67,88,5,Directed
67,90,1,Directed
67,99,2,Directed
67,104,6,Directed
67,106,2,Directed
67,108,14,Directed
67,109,4,Directed
67,110,2,Directed
67,112,49,Directed
67,113,3,Directed
67,114,4,Directed
67,115,1,Directed
67,116,4,Directed
67,118,27,Directed
67,119,3,Directed
67,120,2,Directed
67,122,1,Directed
67,126,1,Directed
67,129,1,Directed
67,133,1,Directed
67,135,5,Directed
67,137,3,Directed
67,138,20,Directed
67,141,2,Directed
67,147,10,Directed
67,151,4,Directed
67,153,2,Directed
67,154,4,Directed
67,156,2,Directed
67,157,2,Directed
67,159,1,Directed
67,160,2,Directed
67,161,1,Directed
67,162,2,Directed
67,164,6,Directed
67,168,5,Directed
67,169,4,Directed
67,170,3,Directed
67,171,20,Directed
67,172,1,Directed
67,173,5,Directed
67,189,2,Directed
67,191,2,Directed
67,195,13,Directed
67,196,11,Directed
67,199,2,Directed
67,200,1,Directed
67,203,5,Directed
68,2,4,Directed
68,15,6,Directed
68,16,4,Directed
68,18,7,Directed
68,19,12,Directed
68,20,3,Directed
68,21,2,Directed
68,22,1,Directed
68,23,3,Directed
68,27,1,Directed
68,35,3,Directed
68,37,3,Directed
68,40,2,Directed
68,41,4,Directed
68,46,6,Directed
68,58,1,Directed
68,61,1,Directed
68,62,2,Directed
68,66,2,Directed
68,67,14,Directed
68,69,20,Directed
68,70,16,Directed
68,74,6,Directed
68,79,2,Directed
68,86,3,Directed
68,87,5,Directed
68,90,1,Directed
68,101,2,Directed
68,104,1,Directed
68,106,2,Directed
68,108,6,Directed
68,109,7,Directed
68,110,1,Directed
68,111,3,Directed
68,112,14,Directed
68,113,2,Directed
68,114,4,Directed
68,116,1,Directed
68,118,12,Directed
68,119,3,Directed
68,127,3,Directed
68,129,1,Directed
68,133,1,Directed
68,135,4,Directed
68,137,8,Directed
68,138,10,Directed
68,147,2,Directed
68,151,4,Directed
68,153,2,Directed
68,154,5,Directed
68,156,3,Directed
68,158,3,Directed
68,164,9,Directed
68,169,4,Directed
68,170,1,Directed
68,171,9,Directed
68,173,1,Directed
68,191,1,Directed
68,195,5,Directed
68,196,9,Directed
68,199,1,Directed
68,201,1,Directed
68,202,4,Directed
69,15,4,Directed
69,16,3,Directed
69,21,2,Directed
69,23,7,Directed
69,26,3,Directed
69,28,1,Directed
69,35,2,Directed
69,41,1,Directed
69,46,7,Directed
69,58,3,Directed
69,66,2,Directed
69,67,35,Directed
69,68,7,Directed
69,70,29,Directed
69,71,2,Directed
69,74,11,Directed
69,85,1,Directed
69,86,9,Directed
69,87,1,Directed
69,89,1,Directed
69,90,2,Directed
69,101,3,Directed
69,106,7,Directed
69,108,23,Directed
69,109,2,Directed
69,110,1,Directed
69,111,1,Directed
69,112,18,Directed
69,113,1,Directed
69,115,1,Directed
69,116,1,Directed
69,118,11,Directed
69,119,1,Directed
69,127,4,Directed
69,129,2,Directed
69,137,1,Directed
69,138,14,Directed
69,141,1,Directed
69,147,8,Directed
69,151,9,Directed
69,153,1,Directed
69,156,2,Directed
69,159,1,Directed
69,160,3,Directed
69,161,1,Directed
69,162,2,Directed
69,164,1,Directed
69,168,1,Directed
69,171,2,Directed
69,173,2,Directed
69,189,2,Directed
69,195,2,Directed
69,196,1,Directed
69,200,2,Directed
69,203,8,Directed
70,15,9,Directed
70,18,1,Directed
70,19,5,Directed
70,21,3,Directed
70,22,2,Directed
70,23,1,Directed
70,28,1,Directed
70,35,7,Directed
70,46,13,Directed
70,58,1,Directed
70,62,3,Directed
70,64,1,Directed
70,66,2,Directed
70,67,25,Directed
70,68,14,Directed
70,69,24,Directed
70,71,1,Directed
70,74,6,Directed
70,85,2,Directed
70,86,3,Directed
70,90,2,Directed
70,104,1,Directed
70,108,9,Directed
70,111,1,Directed
70,112,10,Directed
70,115,1,Directed
70,118,9,Directed
70,119,10,Directed
70,127,1,Directed
70,135,5,Directed
70,137,5,Directed
70,138,12,Directed
70,147,2,Directed
70,151,2,Directed
70,153,1,Directed
70,154,1,Directed
70,158,2,Directed
70,159,1,Directed
70,164,4,Directed
70,171,10,Directed
70,172,1,Directed
70,175,1,Directed
70,195,2,Directed
70,196,5,Directed
71,46,1,Directed
71,69,1,Directed
71,74,1,Directed
71,86,1,Directed
71,106,2,Directed
71,118,1,Directed
74,1,1,Directed
74,2,4,Directed
74,5,3,Directed
74,15,1,Directed
74,16,3,Directed
74,18,2,Directed
74,20,1,Directed
74,21,2,Directed
74,23,3,Directed
74,26,6,Directed
74,46,1,Directed
74,67,34,Directed
74,68,2,Directed
74,69,16,Directed
74,70,12,Directed
74,71,2,Directed
74,86,12,Directed
74,101,1,Directed
74,106,6,Directed
74,108,15,Directed
74,109,2,Directed
74,111,1,Directed
74,112,5,Directed
74,118,10,Directed
74,135,2,Directed
74,137,1,Directed
74,138,7,Directed
74,147,12,Directed
74,151,6,Directed
74,153,1,Directed
74,154,1,Directed
74,158,2,Directed
74,159,6,Directed
74,162,1,Directed
74,164,2,Directed
74,169,2,Directed
74,173,2,Directed
74,189,1,Directed
74,190,2,Directed
74,195,3,Directed
74,196,1,Directed
74,197,1,Directed
74,199,1,Directed
74,201,1,Directed
74,203,4,Directed
75,2,5,Directed
75,15,1,Directed
75,16,6,Directed
75,18,2,Directed
75,23,3,Directed
75,37,2,Directed
75,57,2,Directed
75,58,1,Directed
75,64,1,Directed
75,66,2,Directed
75,87,3,Directed
75,88,1,Directed
75,90,1,Directed
75,110,8,Directed
75,111,1,Directed
75,115,4,Directed
75,119,5,Directed
75,120,2,Directed
75,126,2,Directed
75,129,2,Directed
75,137,23,Directed
75,140,2,Directed
75,141,1,Directed
75,154,1,Directed
75,164,8,Directed
75,168,43,Directed
75,169,4,Directed
75,170,1,Directed
75,189,7,Directed
75,197,1,Directed
75,203,1,Directed
79,1,1,Directed
79,5,1,Directed
79,10,1,Directed
79,16,1,Directed
79,18,2,Directed
79,21,1,Directed
79,26,15,Directed
79,41,2,Directed
79,46,5,Directed
79,67,1,Directed
79,86,2,Directed
79,106,2,Directed
79,112,4,Directed
79,114,1,Directed
79,126,2,Directed
79,138,1,Directed
79,151,16,Directed
79,153,2,Directed
79,154,1,Directed
79,159,13,Directed
79,160,7,Directed
79,169,2,Directed
79,177,1,Directed
79,191,1,Directed
79,195,1,Directed
80,5,6,Directed
80,10,2,Directed
80,11,8,Directed
80,18,3,Directed
80,19,2,Directed
80,20,2,Directed
80,57,1,Directed
80,62,2,Directed
80,85,1,Directed
80,109,1,Directed
80,110,2,Directed
80,116,1,Directed
80,138,2,Directed
80,157,3,Directed
80,169,1,Directed
80,190,1,Directed
80,197,3,Directed
85,5,2,Directed
85,16,10,Directed
85,18,5,Directed
85,19,8,Directed
85,20,1,Directed
85,23,2,Directed
85,26,1,Directed
85,30,1,Directed
85,37,6,Directed
85,40,1,Directed
85,46,2,Directed
85,50,1,Directed
85,57,15,Directed
85,58,8,Directed
85,87,10,Directed
85,88,2,Directed
85,90,2,Directed
85,104,1,Directed
85,109,14,Directed
85,110,3,Directed
85,111,14,Directed
85,112,2,Directed
85,115,4,Directed
85,119,2,Directed
85,120,2,Directed
85,122,1,Directed
85,126,1,Directed
85,133,2,Directed
85,137,18,Directed
85,138,6,Directed
85,141,4,Directed
85,153,1,Directed
85,154,2,Directed
85,157,14,Directed
85,158,4,Directed
85,164,4,Directed
85,168,8,Directed
85,169,10,Directed
85,170,5,Directed
85,189,4,Directed
85,202,1,Directed
85,203,1,Directed
86,1,1,Directed
86,5,2,Directed
86,15,1,Directed
86,26,8,Directed
86,27,1,Directed
86,28,2,Directed
86,46,2,Directed
86,67,12,Directed
86,69,17,Directed
86,70,3,Directed
86,74,16,Directed
86,79,2,Directed
86,101,4,Directed
86,108,5,Directed
86,110,3,Directed
86,112,4,Directed
86,118,2,Directed
86,126,1,Directed
86,135,4,Directed
86,138,1,Directed
86,147,2,Directed
86,151,1,Directed
86,153,3,Directed
86,160,2,Directed
86,162,3,Directed
86,168,2,Directed
86,195,2,Directed
86,200,3,Directed
87,1,3,Directed
87,5,3,Directed
87,10,1,Directed
87,15,13,Directed
87,16,10,Directed
87,18,14,Directed
87,19,6,Directed
87,23,5,Directed
87,27,2,Directed
87,28,1,Directed
87,37,2,Directed
87,41,1,Directed
87,57,9,Directed
87,58,8,Directed
87,64,1,Directed
87,66,2,Directed
87,67,1,Directed
87,68,5,Directed
87,69,1,Directed
87,74,1,Directed
87,75,5,Directed
87,85,8,Directed
87,88,5,Directed
87,89,1,Directed
87,90,3,Directed
87,109,8,Directed
87,110,16,Directed
87,111,9,Directed
87,112,2,Directed
87,115,3,Directed
87,118,3,Directed
87,119,5,Directed
87,120,4,Directed
87,122,2,Directed
87,127,1,Directed
87,129,1,Directed
87,133,2,Directed
87,137,26,Directed
87,138,8,Directed
87,140,6,Directed
87,141,13,Directed
87,147,1,Directed
87,153,1,Directed
87,154,3,Directed
87,157,6,Directed
87,158,6,Directed
87,162,1,Directed
87,164,7,Directed
87,168,51,Directed
87,169,28,Directed
87,170,4,Directed
87,171,4,Directed
87,172,1,Directed
87,173,1,Directed
87,177,1,Directed
87,189,4,Directed
87,195,2,Directed
87,202,1,Directed
88,1,1,Directed
88,2,13,Directed
88,10,1,Directed
88,15,7,Directed
88,16,11,Directed
88,18,10,Directed
88,19,4,Directed
88,23,4,Directed
88,28,3,Directed
88,37,14,Directed
88,40,9,Directed
88,46,5,Directed
88,57,1,Directed
88,64,2,Directed
88,66,4,Directed
88,67,1,Directed
88,69,4,Directed
88,75,2,Directed
88,87,6,Directed
88,89,16,Directed
88,90,24,Directed
88,109,16,Directed
88,110,19,Directed
88,111,2,Directed
88,112,2,Directed
88,115,11,Directed
88,119,1,Directed
88,120,1,Directed
88,122,6,Directed
88,129,4,Directed
88,133,1,Directed
88,137,86,Directed
88,138,6,Directed
88,140,11,Directed
88,141,9,Directed
88,164,6,Directed
88,168,14,Directed
88,169,12,Directed
88,175,1,Directed
88,189,13,Directed
88,191,3,Directed
88,195,1,Directed
88,196,3,Directed
88,201,9,Directed
88,202,2,Directed
88,203,3,Directed
89,2,17,Directed
89,15,9,Directed
89,16,22,Directed
89,18,4,Directed
89,20,1,Directed
89,21,2,Directed
89,23,6,Directed
89,35,9,Directed
89,37,3,Directed
89,46,5,Directed
89,57,4,Directed
89,66,4,Directed
89,68,1,Directed
89,69,1,Directed
89,74,1,Directed
89,87,1,Directed
89,88,14,Directed
89,90,23,Directed
89,104,2,Directed
89,109,5,Directed
89,110,9,Directed
89,111,5,Directed
89,115,5,Directed
89,118,1,Directed
89,119,5,Directed
89,120,4,Directed
89,122,6,Directed
89,129,12,Directed
89,133,1,Directed
89,137,27,Directed
89,138,9,Directed
89,140,6,Directed
89,141,4,Directed
89,151,1,Directed
89,154,1,Directed
89,164,6,Directed
89,168,4,Directed
89,169,3,Directed
89,170,2,Directed
89,173,1,Directed
89,189,2,Directed
89,191,4,Directed
89,201,10,Directed
89,202,4,Directed
89,203,4,Directed
90,2,25,Directed
90,15,8,Directed
90,16,29,Directed
90,18,10,Directed
90,19,7,Directed
90,23,2,Directed
90,35,2,Directed
90,37,12,Directed
90,40,3,Directed
90,46,5,Directed
90,57,1,Directed
90,58,9,Directed
90,67,1,Directed
90,68,1,Directed
90,75,4,Directed
90,85,3,Directed
90,87,5,Directed
90,88,27,Directed
90,89,17,Directed
90,106,1,Directed
90,109,19,Directed
90,110,8,Directed
90,111,9,Directed
90,112,2,Directed
90,113,1,Directed
90,115,10,Directed
90,118,1,Directed
90,119,6,Directed
90,120,5,Directed
90,122,8,Directed
90,126,3,Directed
90,129,5,Directed
90,135,1,Directed
90,137,69,Directed
90,138,13,Directed
90,140,23,Directed
90,141,10,Directed
90,153,1,Directed
90,154,2,Directed
90,158,3,Directed
90,164,15,Directed
90,168,7,Directed
90,169,7,Directed
90,170,8,Directed
90,173,1,Directed
90,189,5,Directed
90,191,2,Directed
90,201,18,Directed
90,202,6,Directed
90,203,9,Directed
99,1,8,Directed
99,13,2,Directed
99,23,2,Directed
99,26,21,Directed
99,27,3,Directed
99,28,3,Directed
99,62,9,Directed
99,69,8,Directed
99,74,3,Directed
99,86,1,Directed
99,104,8,Directed
99,114,1,Directed
99,120,2,Directed
99,126,11,Directed
99,137,1,Directed
99,147,1,Directed
99,153,2,Directed
99,160,2,Directed
99,162,9,Directed
99,172,1,Directed
99,173,4,Directed
99,177,1,Directed
99,190,1,Directed
99,191,3,Directed
99,197,2,Directed
99,199,1,Directed
101,2,4,Directed
101,15,2,Directed
101,22,1,Directed
101,46,1,Directed
101,67,8,Directed
101,68,1,Directed
101,69,2,Directed
101,74,2,Directed
101,89,5,Directed
101,108,3,Directed
101,120,3,Directed
101,129,2,Directed
101,138,1,Directed
101,203,7,Directed
104,1,17,Directed
104,5,1,Directed
104,15,7,Directed
104,16,1,Directed
104,18,7,Directed
104,19,10,Directed
104,20,4,Directed
104,21,2,Directed
104,23,4,Directed
104,26,12,Directed
104,27,15,Directed
104,28,12,Directed
104,30,9,Directed
104,35,1,Directed
104,40,1,Directed
104,41,4,Directed
104,46,8,Directed
104,57,2,Directed
104,61,3,Directed
104,62,6,Directed
104,66,1,Directed
104,67,2,Directed
104,69,6,Directed
104,71,1,Directed
104,79,1,Directed
104,99,2,Directed
104,106,1,Directed
104,108,2,Directed
104,109,11,Directed
104,111,1,Directed
104,112,2,Directed
104,113,5,Directed
104,114,18,Directed
104,115,1,Directed
104,116,8,Directed
104,118,3,Directed
104,119,1,Directed
104,120,3,Directed
104,126,1,Directed
104,127,12,Directed
104,135,1,Directed
104,137,2,Directed
104,138,13,Directed
104,153,7,Directed
104,154,3,Directed
104,157,1,Directed
104,158,1,Directed
104,159,2,Directed
104,162,1,Directed
104,164,6,Directed
104,169,2,Directed
104,172,1,Directed
104,173,10,Directed
104,177,2,Directed
104,191,1,Directed
104,195,3,Directed
104,196,3,Directed
104,199,9,Directed
104,202,1,Directed
106,5,1,Directed
106,15,2,Directed
106,28,1,Directed
106,35,2,Directed
106,41,2,Directed
106,46,2,Directed
106,67,11,Directed
106,68,1,Directed
106,69,11,Directed
106,70,3,Directed
106,74,6,Directed
106,86,2,Directed
106,108,14,Directed
106,112,4,Directed
106,126,1,Directed
106,137,2,Directed
106,147,1,Directed
106,151,2,Directed
106,153,2,Directed
106,154,1,Directed
106,168,4,Directed
106,169,1,Directed
106,171,2,Directed
108,15,2,Directed
108,16,3,Directed
108,18,1,Directed
108,19,1,Directed
108,41,2,Directed
108,46,4,Directed
108,66,1,Directed
108,67,15,Directed
108,69,16,Directed
108,70,6,Directed
108,71,3,Directed
108,74,9,Directed
108,86,3,Directed
108,101,2,Directed
108,106,25,Directed
108,112,6,Directed
108,114,2,Directed
108,118,3,Directed
108,119,1,Directed
108,137,1,Directed
108,138,4,Directed
108,147,2,Directed
108,153,1,Directed
108,161,2,Directed
108,164,2,Directed
108,168,3,Directed
108,171,1,Directed
108,195,1,Directed
108,196,1,Directed
108,200,2,Directed
108,203,1,Directed
109,2,7,Directed
109,5,4,Directed
109,10,2,Directed
109,15,19,Directed
109,16,41,Directed
109,18,32,Directed
109,19,21,Directed
109,20,14,Directed
109,23,12,Directed
109,26,6,Directed
109,27,2,Directed
109,28,5,Directed
109,35,3,Directed
109,37,6,Directed
109,40,15,Directed
109,41,7,Directed
109,46,14,Directed
109,50,3,Directed
109,57,30,Directed
109,58,20,Directed
109,62,3,Directed
109,64,6,Directed
109,66,4,Directed
109,67,6,Directed
109,68,7,Directed
109,70,1,Directed
109,75,1,Directed
109,80,1,Directed
109,85,10,Directed
109,87,8,Directed
109,88,17,Directed
109,89,12,Directed
109,90,23,Directed
109,104,4,Directed
109,110,15,Directed
109,111,30,Directed
109,112,10,Directed
109,113,4,Directed
109,114,5,Directed
109,115,20,Directed
109,116,2,Directed
109,118,4,Directed
109,119,13,Directed
109,120,5,Directed
109,122,11,Directed
109,126,5,Directed
109,127,16,Directed
109,129,2,Directed
109,133,2,Directed
109,137,37,Directed
109,138,21,Directed
109,140,4,Directed
109,141,14,Directed
109,147,1,Directed
109,153,15,Directed
109,154,11,Directed
109,157,21,Directed
109,158,47,Directed
109,159,1,Directed
109,161,1,Directed
109,162,3,Directed
109,164,19,Directed
109,168,15,Directed
109,169,13,Directed
109,170,23,Directed
109,172,1,Directed
109,173,2,Directed
109,175,2,Directed
109,177,4,Directed
109,189,6,Directed
109,190,7,Directed
109,191,9,Directed
109,195,5,Directed
109,196,15,Directed
109,197,5,Directed
109,201,8,Directed
109,202,4,Directed
109,203,3,Directed
110,2,7,Directed
110,10,1,Directed
110,15,1,Directed
110,16,12,Directed
110,18,10,Directed
110,23,6,Directed
110,35,2,Directed
110,37,17,Directed
110,40,5,Directed
110,46,9,Directed
110,50,1,Directed
110,57,2,Directed
110,58,13,Directed
110,62,1,Directed
110,64,6,Directed
110,66,4,Directed
110,67,3,Directed
110,68,2,Directed
110,69,1,Directed
110,75,12,Directed
110,85,3,Directed
110,87,6,Directed
110,88,16,Directed
110,89,2,Directed
110,90,8,Directed
110,106,1,Directed
110,109,14,Directed
110,111,34,Directed
110,112,3,Directed
110,115,12,Directed
110,116,1,Directed
110,118,1,Directed
110,119,13,Directed
110,120,1,Directed
110,122,4,Directed
110,127,1,Directed
110,129,2,Directed
110,133,11,Directed
110,137,74,Directed
110,138,9,Directed
110,140,1,Directed
110,141,15,Directed
110,153,4,Directed
110,154,2,Directed
110,158,3,Directed
110,162,1,Directed
110,164,13,Directed
110,168,36,Directed
110,169,11,Directed
110,170,3,Directed
110,172,3,Directed
110,175,4,Directed
110,189,22,Directed
110,191,1,Directed
110,201,5,Directed
110,202,2,Directed
110,203,8,Directed
111,2,1,Directed
111,5,7,Directed
111,10,1,Directed
111,15,9,Directed
111,16,21,Directed
111,18,21,Directed
111,19,9,Directed
111,20,4,Directed
111,23,12,Directed
111,26,1,Directed
111,30,1,Directed
111,35,1,Directed
111,37,4,Directed
111,40,10,Directed
111,41,1,Directed
111,46,1,Directed
111,57,18,Directed
111,58,17,Directed
111,64,1,Directed
111,66,6,Directed
111,68,4,Directed
111,69,3,Directed
111,70,1,Directed
111,75,7,Directed
111,85,15,Directed
111,87,13,Directed
111,88,18,Directed
111,89,1,Directed
111,90,13,Directed
111,104,6,Directed
111,109,26,Directed
111,110,30,Directed
111,112,1,Directed
111,114,1,Directed
111,115,9,Directed
111,118,1,Directed
111,119,19,Directed
111,120,7,Directed
111,122,1,Directed
111,127,3,Directed
111,133,2,Directed
111,135,1,Directed
111,137,32,Directed
111,138,17,Directed
111,140,3,Directed
111,141,10,Directed
111,147,2,Directed
111,153,8,Directed
111,154,6,Directed
111,157,10,Directed
111,158,20,Directed
111,162,2,Directed
111,164,28,Directed
111,168,23,Directed
111,169,9,Directed
111,170,3,Directed
111,171,1,Directed
111,172,3,Directed
111,173,3,Directed
111,189,7,Directed
111,191,1,Directed
111,195,1,Directed
111,197,5,Directed
111,199,2,Directed
111,200,1,Directed
111,201,4,Directed
111,202,1,Directed
111,203,1,Directed
112,1,3,Directed
112,2,1,Directed
112,5,4,Directed
112,10,2,Directed
112,15,10,Directed
112,16,11,Directed
112,18,16,Directed
112,19,4,Directed
112,20,3,Directed
112,21,2,Directed
112,23,21,Directed
112,26,1,Directed
112,27,2,Directed
112,28,4,Directed
112,35,7,Directed
112,41,2,Directed
112,46,13,Directed
112,50,1,Directed
112,57,1,Directed
112,58,2,Directed
112,61,4,Directed
112,62,4,Directed
112,66,14,Directed
112,67,36,Directed
112,68,14,Directed
112,69,24,Directed
112,70,13,Directed
112,71,1,Directed
112,74,5,Directed
112,79,1,Directed
112,85,7,Directed
112,86,1,Directed
112,87,3,Directed
112,89,1,Directed
112,90,2,Directed
112,99,2,Directed
112,104,2,Directed
112,108,4,Directed
112,109,9,Directed
112,110,3,Directed
112,111,1,Directed
112,114,7,Directed
112,115,4,Directed
112,116,3,Directed
112,118,16,Directed
112,119,20,Directed
112,120,8,Directed
112,122,6,Directed
112,126,1,Directed
112,127,7,Directed
112,135,4,Directed
112,137,8,Directed
112,138,33,Directed
112,140,2,Directed
112,141,10,Directed
112,147,15,Directed
112,151,5,Directed
112,153,8,Directed
112,154,1,Directed
112,158,1,Directed
112,159,1,Directed
112,161,1,Directed
112,164,12,Directed
112,168,3,Directed
112,169,3,Directed
112,170,10,Directed
112,171,8,Directed
112,172,2,Directed
112,173,11,Directed
112,175,1,Directed
112,177,1,Directed
112,190,3,Directed
112,191,4,Directed
112,195,6,Directed
112,196,7,Directed
112,199,3,Directed
112,203,3,Directed
113,1,3,Directed
113,2,1,Directed
113,5,1,Directed
113,10,5,Directed
113,15,5,Directed
113,16,5,Directed
113,18,3,Directed
113,19,4,Directed
113,20,1,Directed
113,23,13,Directed
113,26,2,Directed
113,27,1,Directed
113,28,6,Directed
113,30,3,Directed
113,35,3,Directed
113,41,3,Directed
113,46,6,Directed
113,50,2,Directed
113,57,1,Directed
113,58,9,Directed
113,61,1,Directed
113,62,4,Directed
113,67,2,Directed
113,79,1,Directed
113,85,2,Directed
113,87,1,Directed
113,88,1,Directed
113,89,3,Directed
113,90,1,Directed
113,104,4,Directed
113,109,4,Directed
113,110,2,Directed
113,111,3,Directed
113,112,4,Directed
113,114,2,Directed
113,115,3,Directed
113,116,7,Directed
113,119,10,Directed
113,120,2,Directed
113,122,1,Directed
113,126,4,Directed
113,127,4,Directed
113,137,2,Directed
113,138,16,Directed
113,140,2,Directed
113,153,18,Directed
113,157,1,Directed
113,160,1,Directed
113,164,4,Directed
113,169,2,Directed
113,170,2,Directed
113,172,2,Directed
113,173,5,Directed
113,189,1,Directed
113,190,2,Directed
113,191,6,Directed
113,195,2,Directed
113,196,3,Directed
113,197,1,Directed
113,199,2,Directed
113,201,1,Directed
114,1,2,Directed
114,2,1,Directed
114,5,1,Directed
114,15,7,Directed
114,16,4,Directed
114,18,29,Directed
114,19,3,Directed
114,20,7,Directed
114,23,9,Directed
114,26,9,Directed
114,27,12,Directed
114,28,21,Directed
114,30,1,Directed
114,35,4,Directed
114,41,4,Directed
114,46,6,Directed
114,50,2,Directed
114,57,4,Directed
114,58,5,Directed
114,61,7,Directed
114,62,5,Directed
114,66,1,Directed
114,67,5,Directed
114,68,10,Directed
114,75,2,Directed
114,79,1,Directed
114,87,2,Directed
114,88,3,Directed
114,89,1,Directed
114,99,2,Directed
114,104,23,Directed
114,109,10,Directed
114,110,1,Directed
114,111,5,Directed
114,112,12,Directed
114,113,2,Directed
114,115,1,Directed
114,116,4,Directed
114,118,5,Directed
114,119,6,Directed
114,122,2,Directed
114,126,7,Directed
114,127,1,Directed
114,135,1,Directed
114,137,9,Directed
114,138,18,Directed
114,147,1,Directed
114,153,6,Directed
114,154,5,Directed
114,157,3,Directed
114,158,1,Directed
114,164,4,Directed
114,168,4,Directed
114,171,3,Directed
114,172,4,Directed
114,173,29,Directed
114,190,1,Directed
114,191,1,Directed
114,196,4,Directed
114,197,6,Directed
114,199,8,Directed
114,203,3,Directed
115,2,8,Directed
115,5,1,Directed
115,10,1,Directed
115,15,5,Directed
115,16,5,Directed
115,18,7,Directed
115,19,6,Directed
115,23,14,Directed
115,30,4,Directed
115,35,1,Directed
115,37,4,Directed
115,40,6,Directed
115,41,5,Directed
115,46,4,Directed
115,57,1,Directed
115,58,5,Directed
115,62,1,Directed
115,64,1,Directed
115,66,3,Directed
115,67,1,Directed
115,68,1,Directed
115,69,1,Directed
115,70,7,Directed
115,75,2,Directed
115,87,9,Directed
115,88,6,Directed
115,89,1,Directed
115,90,16,Directed
115,104,1,Directed
115,109,31,Directed
115,110,6,Directed
115,111,11,Directed
115,112,2,Directed
115,114,3,Directed
115,116,6,Directed
115,118,2,Directed
115,119,7,Directed
115,120,1,Directed
115,122,1,Directed
115,126,1,Directed
115,127,3,Directed
115,129,2,Directed
115,137,18,Directed
115,138,13,Directed
115,140,7,Directed
115,141,9,Directed
115,147,3,Directed
115,151,1,Directed
115,153,4,Directed
115,154,4,Directed
115,157,5,Directed
115,158,3,Directed
115,162,1,Directed
115,164,16,Directed
115,168,18,Directed
115,169,23,Directed
115,170,13,Directed
115,172,3,Directed
115,173,5,Directed
115,189,1,Directed
115,190,1,Directed
115,191,1,Directed
115,196,3,Directed
115,201,1,Directed
116,1,23,Directed
116,5,7,Directed
116,11,1,Directed
116,15,5,Directed
116,16,3,Directed
116,18,3,Directed
116,19,8,Directed
116,20,5,Directed
116,23,11,Directed
116,26,1,Directed
116,27,2,Directed
116,28,6,Directed
116,30,1,Directed
116,40,3,Directed
116,41,11,Directed
116,46,2,Directed
116,50,1,Directed
116,57,2,Directed
116,61,7,Directed
116,62,19,Directed
116,69,1,Directed
116,85,1,Directed
116,87,2,Directed
116,88,1,Directed
116,99,1,Directed
116,104,1,Directed
116,109,2,Directed
116,110,1,Directed
116,112,1,Directed
116,113,8,Directed
116,114,2,Directed
116,115,4,Directed
116,118,1,Directed
116,119,3,Directed
116,122,1,Directed
116,126,22,Directed
116,127,10,Directed
116,137,4,Directed
116,138,20,Directed
116,153,17,Directed
116,154,2,Directed
116,159,2,Directed
116,162,3,Directed
116,164,5,Directed
116,169,5,Directed
116,171,1,Directed
116,172,7,Directed
116,173,5,Directed
116,177,1,Directed
116,190,3,Directed
116,191,19,Directed
116,196,10,Directed
116,197,1,Directed
116,203,1,Directed
118,5,1,Directed
118,10,1,Directed
118,15,3,Directed
118,16,2,Directed
118,18,2,Directed
118,19,2,Directed
118,21,4,Directed
118,22,3,Directed
118,23,7,Directed
118,26,1,Directed
118,28,2,Directed
118,35,2,Directed
118,37,1,Directed
118,41,2,Directed
118,46,11,Directed
118,57,2,Directed
118,66,2,Directed
118,67,38,Directed
118,68,16,Directed
118,69,16,Directed
118,70,6,Directed
118,74,6,Directed
118,85,2,Directed
118,86,2,Directed
118,90,1,Directed
118,104,4,Directed
118,106,1,Directed
118,108,4,Directed
118,109,4,Directed
118,111,2,Directed
118,112,18,Directed
118,113,1,Directed
118,114,3,Directed
118,116,2,Directed
118,119,5,Directed
118,120,1,Directed
118,122,2,Directed
118,126,1,Directed
118,127,2,Directed
118,129,1,Directed
118,135,6,Directed
118,138,19,Directed
118,140,1,Directed
118,147,3,Directed
118,151,6,Directed
118,154,1,Directed
118,157,1,Directed
118,158,1,Directed
118,164,7,Directed
118,170,1,Directed
118,171,19,Directed
118,195,1,Directed
118,196,1,Directed
118,203,3,Directed
119,2,9,Directed
119,5,1,Directed
119,10,3,Directed
119,15,25,Directed
119,16,32,Directed
119,18,16,Directed
119,19,4,Directed
119,20,3,Directed
119,23,18,Directed
119,26,2,Directed
119,27,1,Directed
119,28,2,Directed
119,35,8,Directed
119,37,5,Directed
119,40,1,Directed
119,41,2,Directed
119,46,10,Directed
119,50,1,Directed
119,58,4,Directed
119,62,3,Directed
119,64,2,Directed
119,66,12,Directed
119,67,5,Directed
119,68,7,Directed
119,70,6,Directed
119,75,1,Directed
119,86,1,Directed
119,87,3,Directed
119,88,8,Directed
119,89,5,Directed
119,90,10,Directed
119,104,3,Directed
119,106,1,Directed
119,109,24,Directed
119,110,17,Directed
119,111,26,Directed
119,112,8,Directed
119,113,6,Directed
119,114,6,Directed
119,115,19,Directed
119,116,4,Directed
119,118,1,Directed
119,120,11,Directed
119,122,11,Directed
119,126,7,Directed
119,127,8,Directed
119,129,10,Directed
119,133,1,Directed
119,137,25,Directed
119,138,28,Directed
119,140,1,Directed
119,141,9,Directed
119,147,1,Directed
119,151,2,Directed
119,153,4,Directed
119,154,7,Directed
119,157,1,Directed
119,158,10,Directed
119,164,29,Directed
119,168,6,Directed
119,169,21,Directed
119,170,5,Directed
119,171,1,Directed
119,172,1,Directed
119,173,11,Directed
119,175,2,Directed
119,189,5,Directed
119,191,5,Directed
119,195,1,Directed
119,196,12,Directed
119,199,1,Directed
119,202,4,Directed
119,203,11,Directed
120,1,1,Directed
120,2,3,Directed
120,15,17,Directed
120,16,11,Directed
120,18,4,Directed
120,19,3,Directed
120,20,1,Directed
120,23,6,Directed
120,35,6,Directed
120,37,4,Directed
120,41,1,Directed
120,46,8,Directed
120,57,4,Directed
120,62,2,Directed
120,66,3,Directed
120,67,5,Directed
120,68,2,Directed
120,70,1,Directed
120,74,1,Directed
120,75,1,Directed
120,87,4,Directed
120,89,2,Directed
120,90,7,Directed
120,101,2,Directed
120,104,2,Directed
120,109,13,Directed
120,110,1,Directed
120,111,11,Directed
120,112,11,Directed
120,114,6,Directed
120,115,3,Directed
120,116,1,Directed
120,118,2,Directed
120,119,10,Directed
120,122,2,Directed
120,126,3,Directed
120,127,2,Directed
120,129,8,Directed
120,137,16,Directed
120,138,9,Directed
120,141,4,Directed
120,151,1,Directed
120,153,1,Directed
120,154,4,Directed
120,158,4,Directed
120,164,10,Directed
120,168,2,Directed
120,169,1,Directed
120,170,7,Directed
120,171,2,Directed
120,172,1,Directed
120,189,1,Directed
120,191,3,Directed
120,195,2,Directed
120,196,5,Directed
120,201,2,Directed
120,203,19,Directed
122,2,6,Directed
122,5,1,Directed
122,15,3,Directed
122,16,11,Directed
122,18,5,Directed
122,19,5,Directed
122,20,2,Directed
122,23,1,Directed
122,28,1,Directed
122,35,1,Directed
122,37,4,Directed
122,40,6,Directed
122,41,2,Directed
122,46,5,Directed
122,57,3,Directed
122,58,1,Directed
122,64,1,Directed
122,66,7,Directed
122,67,2,Directed
122,75,1,Directed
122,85,1,Directed
122,88,14,Directed
122,89,5,Directed
122,90,5,Directed
122,104,1,Directed
122,109,13,Directed
122,110,6,Directed
122,111,2,Directed
122,112,1,Directed
122,114,2,Directed
122,115,3,Directed
122,116,1,Directed
122,119,9,Directed
122,120,2,Directed
122,126,2,Directed
122,127,4,Directed
122,129,9,Directed
122,137,11,Directed
122,138,4,Directed
122,140,1,Directed
122,141,1,Directed
122,154,4,Directed
122,158,1,Directed
122,164,8,Directed
122,168,10,Directed
122,169,2,Directed
122,170,7,Directed
122,171,1,Directed
122,172,1,Directed
122,175,1,Directed
122,189,2,Directed
122,195,1,Directed
122,196,1,Directed
122,201,2,Directed
122,202,6,Directed
122,203,5,Directed
126,1,60,Directed
126,5,8,Directed
126,10,4,Directed
126,13,2,Directed
126,16,1,Directed
126,18,6,Directed
126,19,4,Directed
126,20,14,Directed
126,23,31,Directed
126,26,14,Directed
126,27,4,Directed
126,28,4,Directed
126,30,6,Directed
126,35,2,Directed
126,37,1,Directed
126,41,9,Directed
126,46,7,Directed
126,50,8,Directed
126,57,1,Directed
126,58,5,Directed
126,61,7,Directed
126,62,63,Directed
126,67,1,Directed
126,68,2,Directed
126,69,1,Directed
126,70,1,Directed
126,71,3,Directed
126,79,2,Directed
126,80,1,Directed
126,86,1,Directed
126,90,1,Directed
126,99,1,Directed
126,104,6,Directed
126,106,1,Directed
126,109,7,Directed
126,111,2,Directed
126,112,6,Directed
126,113,9,Directed
126,114,5,Directed
126,116,19,Directed
126,119,4,Directed
126,120,4,Directed
126,122,2,Directed
126,127,22,Directed
126,129,2,Directed
126,133,1,Directed
126,135,1,Directed
126,137,1,Directed
126,138,15,Directed
126,147,1,Directed
126,151,3,Directed
126,153,27,Directed
126,154,1,Directed
126,159,2,Directed
126,162,6,Directed
126,164,4,Directed
126,168,7,Directed
126,170,4,Directed
126,171,2,Directed
126,172,9,Directed
126,173,9,Directed
126,177,5,Directed
126,189,1,Directed
126,190,27,Directed
126,191,17,Directed
126,196,5,Directed
126,197,10,Directed
126,199,2,Directed
126,203,3,Directed
127,1,7,Directed
127,5,6,Directed
127,10,3,Directed
127,15,4,Directed
127,16,5,Directed
127,18,11,Directed
127,19,9,Directed
127,20,5,Directed
127,23,7,Directed
127,26,4,Directed
127,28,8,Directed
127,30,5,Directed
127,35,1,Directed
127,37,1,Directed
127,40,2,Directed
127,41,11,Directed
127,46,4,Directed
127,50,1,Directed
127,57,3,Directed
127,58,4,Directed
127,61,6,Directed
127,62,11,Directed
127,67,4,Directed
127,68,8,Directed
127,69,2,Directed
127,70,1,Directed
127,87,2,Directed
127,88,2,Directed
127,104,6,Directed
127,109,6,Directed
127,110,2,Directed
127,112,3,Directed
127,113,12,Directed
127,114,8,Directed
127,115,1,Directed
127,116,11,Directed
127,118,1,Directed
127,119,7,Directed
127,120,4,Directed
127,122,2,Directed
127,126,26,Directed
127,135,2,Directed
127,137,3,Directed
127,138,27,Directed
127,141,2,Directed
127,153,23,Directed
127,154,3,Directed
127,157,2,Directed
127,158,2,Directed
127,162,2,Directed
127,164,7,Directed
127,169,6,Directed
127,170,2,Directed
127,171,1,Directed
127,172,14,Directed
127,173,6,Directed
127,177,1,Directed
127,189,2,Directed
127,190,1,Directed
127,191,11,Directed
127,195,1,Directed
127,196,11,Directed
127,197,6,Directed
127,199,1,Directed
127,202,2,Directed
127,203,1,Directed
129,2,7,Directed
129,5,2,Directed
129,15,8,Directed
129,18,1,Directed
129,19,1,Directed
129,20,1,Directed
129,35,1,Directed
129,40,2,Directed
129,46,3,Directed
129,68,2,Directed
129,69,1,Directed
129,75,2,Directed
129,87,5,Directed
129,88,4,Directed
129,89,6,Directed
129,90,4,Directed
129,106,1,Directed
129,109,1,Directed
129,112,3,Directed
129,115,1,Directed
129,119,3,Directed
129,120,4,Directed
129,122,11,Directed
129,137,9,Directed
129,138,8,Directed
129,140,3,Directed
129,141,2,Directed
129,164,4,Directed
129,168,4,Directed
129,169,1,Directed
129,189,1,Directed
129,195,1,Directed
129,199,1,Directed
129,201,6,Directed
129,202,3,Directed
129,203,10,Directed
133,2,1,Directed
133,5,2,Directed
133,16,2,Directed
133,18,1,Directed
133,23,3,Directed
133,37,2,Directed
133,58,3,Directed
133,69,1,Directed
133,75,1,Directed
133,110,12,Directed
133,111,2,Directed
133,119,2,Directed
133,122,3,Directed
133,137,7,Directed
133,140,2,Directed
133,157,4,Directed
133,158,2,Directed
133,164,3,Directed
133,168,5,Directed
133,169,2,Directed
133,170,1,Directed
133,189,1,Directed
133,196,1,Directed
133,203,1,Directed
135,1,1,Directed
135,15,1,Directed
135,16,1,Directed
135,18,1,Directed
135,19,2,Directed
135,21,3,Directed
135,23,1,Directed
135,26,3,Directed
135,28,1,Directed
135,37,1,Directed
135,46,6,Directed
135,50,1,Directed
135,66,2,Directed
135,67,7,Directed
135,68,3,Directed
135,69,2,Directed
135,70,3,Directed
135,74,1,Directed
135,79,2,Directed
135,86,2,Directed
135,88,1,Directed
135,90,1,Directed
135,104,3,Directed
135,109,4,Directed
135,112,12,Directed
135,114,2,Directed
135,118,3,Directed
135,119,2,Directed
135,126,1,Directed
135,138,5,Directed
135,151,10,Directed
135,154,1,Directed
135,156,2,Directed
135,159,5,Directed
135,164,1,Directed
135,171,4,Directed
135,173,4,Directed
135,195,3,Directed
137,1,2,Directed
137,2,21,Directed
137,5,5,Directed
137,10,1,Directed
137,15,28,Directed
137,16,44,Directed
137,18,19,Directed
137,19,9,Directed
137,20,7,Directed
137,21,3,Directed
137,23,18,Directed
137,26,1,Directed
137,28,1,Directed
137,35,5,Directed
137,37,3,Directed
137,40,9,Directed
137,41,4,Directed
137,46,13,Directed
137,50,2,Directed
137,57,21,Directed
137,58,20,Directed
137,61,1,Directed
137,64,3,Directed
137,66,6,Directed
137,67,4,Directed
137,68,5,Directed
137,69,5,Directed
137,74,1,Directed
137,75,9,Directed
137,85,13,Directed
137,87,15,Directed
137,88,59,Directed
137,89,41,Directed
137,90,79,Directed
137,99,2,Directed
137,101,1,Directed
137,104,4,Directed
137,108,1,Directed
137,109,50,Directed
137,110,94,Directed
137,111,31,Directed
137,112,3,Directed
137,113,5,Directed
137,114,5,Directed
137,115,12,Directed
137,118,1,Directed
137,119,40,Directed
137,120,12,Directed
137,122,14,Directed
137,127,3,Directed
137,129,6,Directed
137,135,1,Directed
137,138,30,Directed
137,140,35,Directed
137,141,42,Directed
137,151,1,Directed
137,153,2,Directed
137,154,5,Directed
137,157,11,Directed
137,158,18,Directed
137,161,1,Directed
137,164,43,Directed
137,168,87,Directed
137,169,36,Directed
137,170,10,Directed
137,171,1,Directed
137,172,4,Directed
137,173,2,Directed
137,175,2,Directed
137,189,19,Directed
137,191,3,Directed
137,196,2,Directed
137,197,4,Directed
137,200,1,Directed
137,201,12,Directed
137,202,11,Directed
137,203,8,Directed
138,1,5,Directed
138,2,11,Directed
138,5,4,Directed
138,10,8,Directed
138,11,1,Directed
138,15,23,Directed
138,16,31,Directed
138,18,39,Directed
138,19,17,Directed
138,20,8,Directed
138,23,26,Directed
138,26,14,Directed
138,27,6,Directed
138,28,17,Directed
138,30,5,Directed
138,35,18,Directed
138,37,2,Directed
138,40,2,Directed
138,41,14,Directed
138,46,20,Directed
138,50,4,Directed
138,57,14,Directed
138,58,11,Directed
138,61,3,Directed
138,62,5,Directed
138,64,1,Directed
138,66,6,Directed
138,67,14,Directed
138,68,16,Directed
138,69,12,Directed
138,70,13,Directed
138,74,4,Directed
138,75,7,Directed
138,79,6,Directed
138,85,2,Directed
138,86,3,Directed
138,87,11,Directed
138,88,25,Directed
138,89,8,Directed
138,90,10,Directed
138,101,1,Directed
138,104,13,Directed
138,106,1,Directed
138,108,3,Directed
138,109,19,Directed
138,110,8,Directed
138,111,27,Directed
138,112,13,Directed
138,113,4,Directed
138,114,17,Directed
138,115,15,Directed
138,116,14,Directed
138,118,18,Directed
138,119,28,Directed
138,120,9,Directed
138,122,9,Directed
138,126,19,Directed
138,127,19,Directed
138,129,2,Directed
138,133,1,Directed
138,135,1,Directed
138,137,24,Directed
138,140,4,Directed
138,141,10,Directed
138,151,3,Directed
138,153,22,Directed
138,154,7,Directed
138,157,1,Directed
138,158,22,Directed
138,159,5,Directed
138,162,3,Directed
138,164,21,Directed
138,168,18,Directed
138,169,32,Directed
138,170,21,Directed
138,171,16,Directed
138,172,5,Directed
138,173,20,Directed
138,177,2,Directed
138,189,5,Directed
138,191,5,Directed
138,195,12,Directed
138,196,15,Directed
138,197,10,Directed
138,199,4,Directed
138,201,7,Directed
138,202,5,Directed
138,203,6,Directed
140,2,3,Directed
140,15,3,Directed
140,16,10,Directed
140,18,4,Directed
140,19,2,Directed
140,23,3,Directed
140,35,1,Directed
140,37,12,Directed
140,40,2,Directed
140,46,4,Directed
140,58,1,Directed
140,66,2,Directed
140,68,1,Directed
140,75,2,Directed
140,87,5,Directed
140,88,9,Directed
140,89,8,Directed
140,90,24,Directed
140,109,3,Directed
140,110,11,Directed
140,111,5,Directed
140,112,3,Directed
140,119,3,Directed
140,120,5,Directed
140,122,4,Directed
140,129,3,Directed
140,133,2,Directed
140,137,35,Directed
140,138,4,Directed
140,141,9,Directed
140,153,1,Directed
140,154,1,Directed
140,157,2,Directed
140,158,2,Directed
140,164,3,Directed
140,168,8,Directed
140,169,6,Directed
140,189,7,Directed
140,191,1,Directed
140,196,1,Directed
140,201,10,Directed
140,202,3,Directed
140,203,7,Directed
141,2,15,Directed
141,10,4,Directed
141,15,10,Directed
141,16,19,Directed
141,18,8,Directed
141,19,2,Directed
141,23,7,Directed
141,26,2,Directed
141,28,1,Directed
141,35,6,Directed
141,37,6,Directed
141,40,1,Directed
141,41,4,Directed
141,46,3,Directed
141,57,1,Directed
141,58,4,Directed
141,64,1,Directed
141,66,3,Directed
141,67,3,Directed
141,85,2,Directed
141,87,19,Directed
141,88,9,Directed
141,89,5,Directed
141,90,23,Directed
141,99,1,Directed
141,108,1,Directed
141,109,9,Directed
141,110,25,Directed
141,111,11,Directed
141,112,7,Directed
141,113,1,Directed
141,115,10,Directed
141,116,1,Directed
141,119,5,Directed
141,120,2,Directed
141,122,9,Directed
141,127,2,Directed
141,129,4,Directed
141,137,40,Directed
141,138,2,Directed
141,140,17,Directed
141,153,1,Directed
141,154,1,Directed
141,157,2,Directed
141,158,2,Directed
141,164,10,Directed
141,168,12,Directed
141,169,5,Directed
141,170,10,Directed
141,189,8,Directed
141,191,1,Directed
141,195,2,Directed
141,201,7,Directed
141,202,2,Directed
141,203,7,Directed
147,5,1,Directed
147,15,3,Directed
147,18,1,Directed
147,20,1,Directed
147,21,7,Directed
147,22,8,Directed
147,23,1,Directed
147,46,4,Directed
147,57,1,Directed
147,66,1,Directed
147,67,6,Directed
147,68,5,Directed
147,69,9,Directed
147,70,11,Directed
147,74,12,Directed
147,86,4,Directed
147,101,1,Directed
147,104,2,Directed
147,108,1,Directed
147,109,3,Directed
147,112,13,Directed
147,114,11,Directed
147,118,2,Directed
147,119,4,Directed
147,120,1,Directed
147,127,1,Directed
147,135,1,Directed
147,137,1,Directed
147,138,4,Directed
147,141,1,Directed
147,151,2,Directed
147,153,1,Directed
147,156,5,Directed
147,159,3,Directed
147,164,1,Directed
147,168,4,Directed
147,170,2,Directed
147,171,7,Directed
147,175,1,Directed
147,191,1,Directed
147,195,3,Directed
151,1,1,Directed
151,15,1,Directed
151,16,2,Directed
151,18,1,Directed
151,21,13,Directed
151,26,7,Directed
151,28,2,Directed
151,40,1,Directed
151,46,3,Directed
151,58,1,Directed
151,67,7,Directed
151,69,2,Directed
151,70,4,Directed
151,74,9,Directed
151,79,21,Directed
151,86,3,Directed
151,89,1,Directed
151,90,1,Directed
151,104,3,Directed
151,108,3,Directed
151,110,2,Directed
151,112,1,Directed
151,114,2,Directed
151,118,1,Directed
151,119,1,Directed
151,120,2,Directed
151,126,1,Directed
151,135,8,Directed
151,138,4,Directed
151,147,4,Directed
151,153,2,Directed
151,159,16,Directed
151,160,11,Directed
151,162,3,Directed
151,171,1,Directed
151,172,2,Directed
151,173,1,Directed
151,191,1,Directed
151,196,1,Directed
151,200,4,Directed
153,1,15,Directed
153,2,2,Directed
153,5,8,Directed
153,10,8,Directed
153,11,3,Directed
153,15,5,Directed
153,16,6,Directed
153,18,22,Directed
153,19,28,Directed
153,20,16,Directed
153,23,28,Directed
153,26,5,Directed
153,27,4,Directed
153,28,4,Directed
153,30,4,Directed
153,35,4,Directed
153,37,2,Directed
153,41,20,Directed
153,46,4,Directed
153,50,4,Directed
153,57,8,Directed
153,58,2,Directed
153,61,10,Directed
153,62,31,Directed
153,67,7,Directed
153,68,3,Directed
153,69,2,Directed
153,70,2,Directed
153,74,1,Directed
153,86,3,Directed
153,87,2,Directed
153,88,1,Directed
153,89,3,Directed
153,90,1,Directed
153,99,3,Directed
153,104,4,Directed
153,109,5,Directed
153,110,1,Directed
153,111,3,Directed
153,112,3,Directed
153,113,15,Directed
153,114,9,Directed
153,115,5,Directed
153,116,19,Directed
153,118,2,Directed
153,119,4,Directed
153,120,3,Directed
153,122,3,Directed
153,126,41,Directed
153,127,32,Directed
153,135,2,Directed
153,137,2,Directed
153,138,37,Directed
153,141,1,Directed
153,147,1,Directed
153,151,2,Directed
153,154,8,Directed
153,162,7,Directed
153,164,16,Directed
153,168,1,Directed
153,169,1,Directed
153,170,6,Directed
153,172,17,Directed
153,173,8,Directed
153,177,2,Directed
153,189,2,Directed
153,190,8,Directed
153,191,23,Directed
153,195,2,Directed
153,196,13,Directed
153,197,3,Directed
153,199,15,Directed
154,1,2,Directed
154,2,3,Directed
154,5,1,Directed
154,10,1,Directed
154,15,14,Directed
154,16,9,Directed
154,18,6,Directed
154,19,2,Directed
154,20,1,Directed
154,23,9,Directed
154,27,2,Directed
154,28,3,Directed
154,30,1,Directed
154,35,3,Directed
154,37,2,Directed
154,41,3,Directed
154,46,2,Directed
154,50,3,Directed
154,57,7,Directed
154,58,7,Directed
154,62,4,Directed
154,67,3,Directed
154,68,6,Directed
154,75,4,Directed
154,85,4,Directed
154,87,7,Directed
154,88,2,Directed
154,89,1,Directed
154,90,4,Directed
154,104,4,Directed
154,106,1,Directed
154,108,2,Directed
154,109,10,Directed
154,110,3,Directed
154,111,9,Directed
154,112,6,Directed
154,113,2,Directed
154,114,2,Directed
154,115,4,Directed
154,116,8,Directed
154,118,3,Directed
154,119,1,Directed
154,120,9,Directed
154,122,2,Directed
154,126,6,Directed
154,127,7,Directed
154,129,2,Directed
154,133,1,Directed
154,137,9,Directed
154,138,3,Directed
154,141,4,Directed
154,151,2,Directed
154,153,2,Directed
154,158,3,Directed
154,162,3,Directed
154,164,7,Directed
154,168,5,Directed
154,169,1,Directed
154,170,5,Directed
154,171,2,Directed
154,172,3,Directed
154,173,8,Directed
154,175,1,Directed
154,189,1,Directed
154,195,4,Directed
154,196,6,Directed
154,197,1,Directed
154,199,1,Directed
154,201,3,Directed
154,203,2,Directed
156,1,2,Directed
156,19,1,Directed
156,21,4,Directed
156,22,5,Directed
156,23,1,Directed
156,26,4,Directed
156,27,4,Directed
156,28,3,Directed
156,62,1,Directed
156,67,2,Directed
156,68,3,Directed
156,69,3,Directed
156,112,1,Directed
156,135,2,Directed
156,147,2,Directed
156,151,8,Directed
156,153,1,Directed
156,159,1,Directed
156,160,1,Directed
156,162,1,Directed
156,164,2,Directed
156,195,7,Directed
156,196,2,Directed
156,197,1,Directed
157,5,8,Directed
157,10,2,Directed
157,11,2,Directed
157,15,2,Directed
157,16,7,Directed
157,18,17,Directed
157,19,8,Directed
157,21,1,Directed
157,23,4,Directed
157,37,2,Directed
157,40,3,Directed
157,41,1,Directed
157,46,1,Directed
157,50,1,Directed
157,57,19,Directed
157,58,15,Directed
157,62,2,Directed
157,66,1,Directed
157,70,1,Directed
157,75,2,Directed
157,80,1,Directed
157,85,15,Directed
157,87,3,Directed
157,109,8,Directed
157,110,2,Directed
157,111,1,Directed
157,113,1,Directed
157,115,2,Directed
157,119,1,Directed
157,120,2,Directed
157,127,1,Directed
157,133,6,Directed
157,137,12,Directed
157,141,8,Directed
157,158,4,Directed
157,164,3,Directed
157,168,18,Directed
157,169,10,Directed
157,172,1,Directed
157,177,4,Directed
157,189,13,Directed
157,190,3,Directed
157,191,1,Directed
157,195,1,Directed
157,197,5,Directed
157,201,1,Directed
157,203,1,Directed
158,5,1,Directed
158,15,11,Directed
158,16,13,Directed
158,18,18,Directed
158,19,7,Directed
158,20,4,Directed
158,23,7,Directed
158,26,1,Directed
158,28,2,Directed
158,37,4,Directed
158,40,2,Directed
158,41,3,Directed
158,46,5,Directed
158,57,11,Directed
158,58,55,Directed
158,62,2,Directed
158,64,2,Directed
158,66,1,Directed
158,67,1,Directed
158,68,1,Directed
158,74,1,Directed
158,80,1,Directed
158,85,5,Directed
158,87,11,Directed
158,88,1,Directed
158,89,3,Directed
158,90,4,Directed
158,104,3,Directed
158,109,21,Directed
158,110,3,Directed
158,111,8,Directed
158,112,3,Directed
158,115,8,Directed
158,116,1,Directed
158,118,1,Directed
158,119,6,Directed
158,120,2,Directed
158,133,1,Directed
158,137,19,Directed
158,138,18,Directed
158,140,3,Directed
158,141,4,Directed
158,153,2,Directed
158,154,8,Directed
158,157,13,Directed
158,164,12,Directed
158,168,8,Directed
158,169,3,Directed
158,170,12,Directed
158,173,2,Directed
158,189,3,Directed
158,191,1,Directed
158,196,2,Directed
158,197,2,Directed
158,201,1,Directed
158,202,1,Directed
159,10,1,Directed
159,18,2,Directed
159,21,3,Directed
159,22,6,Directed
159,23,3,Directed
159,26,3,Directed
159,46,1,Directed
159,61,1,Directed
159,67,5,Directed
159,68,3,Directed
159,74,1,Directed
159,79,16,Directed
159,86,3,Directed
159,99,1,Directed
159,104,2,Directed
159,110,1,Directed
159,112,8,Directed
159,113,1,Directed
159,114,1,Directed
159,119,2,Directed
159,126,3,Directed
159,135,1,Directed
159,137,1,Directed
159,147,3,Directed
159,151,17,Directed
159,160,15,Directed
159,164,2,Directed
159,173,1,Directed
159,177,1,Directed
159,191,2,Directed
160,1,3,Directed
160,22,1,Directed
160,26,3,Directed
160,28,2,Directed
160,41,1,Directed
160,46,6,Directed
160,50,1,Directed
160,67,5,Directed
160,69,5,Directed
160,79,4,Directed
160,87,1,Directed
160,89,1,Directed
160,113,2,Directed
160,135,4,Directed
160,151,8,Directed
160,159,18,Directed
160,177,1,Directed
160,191,1,Directed
161,2,1,Directed
161,26,1,Directed
161,108,1,Directed
162,1,2,Directed
162,10,1,Directed
162,13,12,Directed
162,18,2,Directed
162,22,1,Directed
162,23,4,Directed
162,26,1,Directed
162,28,1,Directed
162,41,1,Directed
162,62,32,Directed
162,74,4,Directed
162,86,1,Directed
162,99,8,Directed
162,108,1,Directed
162,113,2,Directed
162,119,1,Directed
162,126,6,Directed
162,127,1,Directed
162,141,1,Directed
162,153,7,Directed
162,154,2,Directed
162,159,1,Directed
162,168,6,Directed
162,171,1,Directed
162,172,1,Directed
162,173,1,Directed
162,177,10,Directed
162,195,1,Directed
162,196,3,Directed
162,197,2,Directed
164,2,9,Directed
164,5,1,Directed
164,10,5,Directed
164,15,29,Directed
164,16,20,Directed
164,18,13,Directed
164,19,9,Directed
164,20,2,Directed
164,23,20,Directed
164,26,2,Directed
164,27,2,Directed
164,28,4,Directed
164,30,1,Directed
164,35,6,Directed
164,37,1,Directed
164,40,10,Directed
164,41,9,Directed
164,46,8,Directed
164,50,2,Directed
164,57,19,Directed
164,58,21,Directed
164,62,4,Directed
164,66,5,Directed
164,67,6,Directed
164,68,9,Directed
164,69,1,Directed
164,70,7,Directed
164,74,2,Directed
164,80,1,Directed
164,85,6,Directed
164,87,5,Directed
164,88,8,Directed
164,89,14,Directed
164,90,17,Directed
164,104,4,Directed
164,109,12,Directed
164,110,15,Directed
164,111,21,Directed
164,112,8,Directed
164,113,1,Directed
164,114,10,Directed
164,115,17,Directed
164,116,3,Directed
164,118,3,Directed
164,119,11,Directed
164,120,7,Directed
164,122,14,Directed
164,126,5,Directed
164,127,6,Directed
164,135,1,Directed
164,137,35,Directed
164,138,19,Directed
164,140,5,Directed
164,141,7,Directed
164,147,1,Directed
164,153,18,Directed
164,154,10,Directed
164,157,2,Directed
164,158,14,Directed
164,168,13,Directed
164,169,9,Directed
164,170,19,Directed
164,171,5,Directed
164,172,3,Directed
164,173,12,Directed
164,189,4,Directed
164,191,3,Directed
164,195,2,Directed
164,196,4,Directed
164,197,6,Directed
164,199,3,Directed
164,201,2,Directed
164,202,3,Directed
164,203,7,Directed
168,1,1,Directed
168,2,11,Directed
168,5,10,Directed
168,10,2,Directed
168,15,9,Directed
168,16,23,Directed
168,18,6,Directed
168,19,5,Directed
168,20,2,Directed
168,23,5,Directed
168,27,1,Directed
168,35,5,Directed
168,37,33,Directed
168,40,1,Directed
168,41,4,Directed
168,46,8,Directed
168,50,2,Directed
168,57,12,Directed
168,58,6,Directed
168,61,2,Directed
168,62,1,Directed
168,66,3,Directed
168,67,2,Directed
168,68,3,Directed
168,69,1,Directed
168,70,1,Directed
168,75,36,Directed
168,85,13,Directed
168,87,46,Directed
168,88,11,Directed
168,89,2,Directed
168,90,13,Directed
168,109,14,Directed
168,110,24,Directed
168,111,16,Directed
168,112,2,Directed
168,113,3,Directed
168,114,3,Directed
168,115,10,Directed
168,116,5,Directed
168,118,1,Directed
168,119,15,Directed
168,120,1,Directed
168,122,3,Directed
168,126,2,Directed
168,127,2,Directed
168,129,2,Directed
168,133,2,Directed
168,135,1,Directed
168,137,84,Directed
168,138,36,Directed
168,140,7,Directed
168,141,6,Directed
168,147,1,Directed
168,154,5,Directed
168,157,5,Directed
168,158,3,Directed
168,162,1,Directed
168,164,12,Directed
168,169,31,Directed
168,170,4,Directed
168,189,46,Directed
168,191,3,Directed
168,196,2,Directed
168,197,7,Directed
168,201,4,Directed
168,202,2,Directed
168,203,10,Directed
169,2,4,Directed
169,5,3,Directed
169,10,2,Directed
169,15,16,Directed
169,16,6,Directed
169,18,10,Directed
169,19,2,Directed
169,27,2,Directed
169,35,1,Directed
169,37,6,Directed
169,40,4,Directed
169,41,1,Directed
169,46,5,Directed
169,57,7,Directed
169,58,2,Directed
169,61,2,Directed
169,62,1,Directed
169,64,1,Directed
169,68,2,Directed
169,70,1,Directed
169,75,6,Directed
169,80,1,Directed
169,85,2,Directed
169,87,17,Directed
169,88,5,Directed
169,89,5,Directed
169,90,4,Directed
169,109,27,Directed
169,110,12,Directed
169,111,15,Directed
169,114,2,Directed
169,115,5,Directed
169,118,2,Directed
169,119,17,Directed
169,122,3,Directed
169,126,5,Directed
169,129,2,Directed
169,135,2,Directed
169,137,32,Directed
169,138,17,Directed
169,140,2,Directed
169,141,7,Directed
169,151,1,Directed
169,153,2,Directed
169,154,1,Directed
169,157,4,Directed
169,158,1,Directed
169,164,22,Directed
169,168,48,Directed
169,170,2,Directed
169,171,2,Directed
169,175,2,Directed
169,189,8,Directed
169,191,1,Directed
169,196,3,Directed
169,197,2,Directed
169,201,1,Directed
169,202,1,Directed
169,203,5,Directed
170,2,5,Directed
170,5,6,Directed
170,15,3,Directed
170,16,9,Directed
170,18,11,Directed
170,19,3,Directed
170,20,2,Directed
170,23,5,Directed
170,28,3,Directed
170,35,1,Directed
170,37,1,Directed
170,40,6,Directed
170,58,6,Directed
170,61,1,Directed
170,66,2,Directed
170,67,1,Directed
170,68,4,Directed
170,69,1,Directed
170,70,1,Directed
170,85,6,Directed
170,87,7,Directed
170,88,2,Directed
170,89,4,Directed
170,90,6,Directed
170,108,2,Directed
170,109,29,Directed
170,110,8,Directed
170,111,8,Directed
170,112,9,Directed
170,115,4,Directed
170,119,10,Directed
170,120,3,Directed
170,122,6,Directed
170,126,2,Directed
170,127,3,Directed
170,129,1,Directed
170,133,1,Directed
170,137,14,Directed
170,138,17,Directed
170,140,6,Directed
170,141,16,Directed
170,147,2,Directed
170,151,4,Directed
170,153,2,Directed
170,154,10,Directed
170,158,6,Directed
170,159,2,Directed
170,164,13,Directed
170,168,8,Directed
170,169,13,Directed
170,172,2,Directed
170,173,1,Directed
170,175,1,Directed
170,177,1,Directed
170,189,7,Directed
170,190,2,Directed
170,191,1,Directed
170,196,2,Directed
170,201,2,Directed
170,202,1,Directed
171,15,6,Directed
171,16,4,Directed
171,19,2,Directed
171,22,1,Directed
171,23,4,Directed
171,26,1,Directed
171,28,2,Directed
171,30,1,Directed
171,35,8,Directed
171,46,6,Directed
171,66,1,Directed
171,67,16,Directed
171,68,3,Directed
171,69,11,Directed
171,70,9,Directed
171,74,3,Directed
171,90,1,Directed
171,99,1,Directed
171,106,2,Directed
171,108,3,Directed
171,109,1,Directed
171,111,2,Directed
171,112,10,Directed
171,115,2,Directed
171,118,22,Directed
171,119,4,Directed
171,120,3,Directed
171,122,1,Directed
171,137,2,Directed
171,138,8,Directed
171,147,10,Directed
171,151,1,Directed
171,154,5,Directed
171,164,6,Directed
171,169,2,Directed
171,170,1,Directed
171,172,1,Directed
171,195,5,Directed
171,196,2,Directed
172,1,8,Directed
172,2,1,Directed
172,10,3,Directed
172,15,3,Directed
172,18,7,Directed
172,19,18,Directed
172,20,3,Directed
172,23,1,Directed
172,26,3,Directed
172,27,1,Directed
172,28,2,Directed
172,30,1,Directed
172,41,7,Directed
172,46,2,Directed
172,50,5,Directed
172,57,3,Directed
172,58,1,Directed
172,61,3,Directed
172,62,4,Directed
172,67,1,Directed
172,68,1,Directed
172,104,6,Directed
172,109,4,Directed
172,110,2,Directed
172,112,5,Directed
172,114,8,Directed
172,115,2,Directed
172,116,7,Directed
172,118,1,Directed
172,119,6,Directed
172,126,10,Directed
172,137,1,Directed
172,138,11,Directed
172,151,3,Directed
172,153,19,Directed
172,154,2,Directed
172,162,2,Directed
172,164,2,Directed
172,170,3,Directed
172,173,5,Directed
172,189,1,Directed
172,190,2,Directed
172,191,10,Directed
172,195,1,Directed
172,196,4,Directed
172,197,1,Directed
172,199,1,Directed
172,203,2,Directed
173,1,5,Directed
173,2,2,Directed
173,18,10,Directed
173,19,6,Directed
173,20,4,Directed
173,23,9,Directed
173,26,11,Directed
173,27,15,Directed
173,28,19,Directed
173,30,6,Directed
173,35,3,Directed
173,37,1,Directed
173,46,4,Directed
173,50,3,Directed
173,57,4,Directed
173,58,2,Directed
173,61,4,Directed
173,62,1,Directed
173,66,3,Directed
173,67,4,Directed
173,68,3,Directed
173,86,1,Directed
173,87,3,Directed
173,90,1,Directed
173,99,6,Directed
173,104,9,Directed
173,109,6,Directed
173,111,3,Directed
173,112,9,Directed
173,113,3,Directed
173,114,15,Directed
173,115,2,Directed
173,116,8,Directed
173,118,2,Directed
173,119,6,Directed
173,126,3,Directed
173,127,2,Directed
173,135,3,Directed
173,138,13,Directed
173,141,1,Directed
173,147,1,Directed
173,153,12,Directed
173,154,4,Directed
173,158,1,Directed
173,159,2,Directed
173,160,3,Directed
173,164,6,Directed
173,168,1,Directed
173,171,1,Directed
173,172,12,Directed
173,190,3,Directed
173,191,5,Directed
173,195,1,Directed
173,196,9,Directed
173,197,2,Directed
173,199,11,Directed
175,20,2,Directed
175,64,19,Directed
175,110,2,Directed
175,119,2,Directed
175,129,1,Directed
175,137,2,Directed
175,170,1,Directed
175,189,2,Directed
177,1,3,Directed
177,5,2,Directed
177,10,10,Directed
177,11,2,Directed
177,13,2,Directed
177,19,3,Directed
177,20,5,Directed
177,23,4,Directed
177,40,1,Directed
177,41,2,Directed
177,50,1,Directed
177,57,2,Directed
177,62,31,Directed
177,64,3,Directed
177,87,1,Directed
177,99,4,Directed
177,112,1,Directed
177,113,8,Directed
177,116,1,Directed
177,126,8,Directed
177,127,5,Directed
177,137,2,Directed
177,138,2,Directed
177,153,6,Directed
177,157,1,Directed
177,160,1,Directed
177,162,11,Directed
177,164,1,Directed
177,170,2,Directed
177,172,1,Directed
177,190,7,Directed
177,191,7,Directed
177,197,8,Directed
189,1,1,Directed
189,2,4,Directed
189,5,2,Directed
189,10,4,Directed
189,15,10,Directed
189,16,5,Directed
189,18,15,Directed
189,19,6,Directed
189,20,1,Directed
189,23,2,Directed
189,37,13,Directed
189,40,1,Directed
189,41,1,Directed
189,46,2,Directed
189,50,2,Directed
189,57,9,Directed
189,58,8,Directed
189,64,2,Directed
189,66,2,Directed
189,68,1,Directed
189,70,2,Directed
189,74,1,Directed
189,75,10,Directed
189,85,1,Directed
189,87,12,Directed
189,88,8,Directed
189,89,4,Directed
189,90,8,Directed
189,109,6,Directed
189,110,16,Directed
189,111,12,Directed
189,113,1,Directed
189,114,1,Directed
189,115,1,Directed
189,119,5,Directed
189,126,2,Directed
189,127,2,Directed
189,133,2,Directed
189,137,17,Directed
189,138,1,Directed
189,140,3,Directed
189,141,12,Directed
189,153,3,Directed
189,154,3,Directed
189,157,4,Directed
189,158,1,Directed
189,162,1,Directed
189,164,4,Directed
189,168,58,Directed
189,169,8,Directed
189,170,1,Directed
189,190,1,Directed
189,191,3,Directed
189,196,2,Directed
189,197,2,Directed
189,201,1,Directed
189,203,3,Directed
190,1,12,Directed
190,5,6,Directed
190,10,3,Directed
190,13,1,Directed
190,18,3,Directed
190,19,3,Directed
190,20,11,Directed
190,23,5,Directed
190,26,3,Directed
190,27,1,Directed
190,28,1,Directed
190,41,10,Directed
190,50,6,Directed
190,57,3,Directed
190,58,3,Directed
190,62,24,Directed
190,79,3,Directed
190,80,2,Directed
190,99,1,Directed
190,106,1,Directed
190,109,1,Directed
190,111,1,Directed
190,113,1,Directed
190,114,2,Directed
190,115,1,Directed
190,116,3,Directed
190,119,1,Directed
190,126,19,Directed
190,127,1,Directed
190,138,3,Directed
190,140,1,Directed
190,153,15,Directed
190,157,1,Directed
190,162,2,Directed
190,168,3,Directed
190,169,4,Directed
190,170,2,Directed
190,172,1,Directed
190,173,2,Directed
190,177,9,Directed
190,189,1,Directed
190,191,15,Directed
190,196,2,Directed
190,197,13,Directed
190,199,1,Directed
190,203,1,Directed
191,1,16,Directed
191,5,11,Directed
191,10,8,Directed
191,15,2,Directed
191,16,1,Directed
191,18,30,Directed
191,19,25,Directed
191,20,40,Directed
191,23,13,Directed
191,27,3,Directed
191,28,6,Directed
191,30,1,Directed
191,35,1,Directed
191,40,2,Directed
191,41,33,Directed
191,46,3,Directed
191,50,7,Directed
191,57,8,Directed
191,58,11,Directed
191,61,4,Directed
191,62,28,Directed
191,69,4,Directed
191,74,1,Directed
191,79,1,Directed
191,85,1,Directed
191,87,3,Directed
191,99,4,Directed
191,109,14,Directed
191,110,2,Directed
191,111,1,Directed
191,112,3,Directed
191,113,5,Directed
191,114,3,Directed
191,115,4,Directed
191,116,20,Directed
191,119,5,Directed
191,120,1,Directed
191,126,18,Directed
191,127,10,Directed
191,137,5,Directed
191,138,8,Directed
191,141,2,Directed
191,151,1,Directed
191,153,24,Directed
191,154,4,Directed
191,157,1,Directed
191,158,11,Directed
191,159,1,Directed
191,162,7,Directed
191,164,7,Directed
191,172,13,Directed
191,177,10,Directed
191,189,2,Directed
191,190,24,Directed
191,196,4,Directed
191,197,13,Directed
191,199,6,Directed
195,5,2,Directed
195,18,1,Directed
195,22,2,Directed
195,23,2,Directed
195,27,1,Directed
195,28,3,Directed
195,35,1,Directed
195,41,1,Directed
195,46,1,Directed
195,50,1,Directed
195,58,2,Directed
195,61,3,Directed
195,66,1,Directed
195,67,15,Directed
195,68,9,Directed
195,69,4,Directed
195,70,3,Directed
195,74,3,Directed
195,86,4,Directed
195,101,2,Directed
195,104,3,Directed
195,106,2,Directed
195,108,1,Directed
195,109,6,Directed
195,111,2,Directed
195,112,11,Directed
195,113,1,Directed
195,114,2,Directed
195,116,1,Directed
195,118,1,Directed
195,120,1,Directed
195,122,2,Directed
195,126,1,Directed
195,127,3,Directed
195,135,4,Directed
195,138,10,Directed
195,141,2,Directed
195,147,2,Directed
195,151,5,Directed
195,153,1,Directed
195,154,4,Directed
195,156,12,Directed
195,164,2,Directed
195,171,3,Directed
195,173,4,Directed
195,196,4,Directed
195,199,1,Directed
196,1,7,Directed
196,2,2,Directed
196,5,3,Directed
196,10,5,Directed
196,11,3,Directed
196,15,4,Directed
196,16,6,Directed
196,18,24,Directed
196,19,6,Directed
196,20,4,Directed
196,23,4,Directed
196,26,7,Directed
196,27,1,Directed
196,28,6,Directed
196,30,5,Directed
196,35,2,Directed
196,41,4,Directed
196,46,3,Directed
196,50,4,Directed
196,57,10,Directed
196,58,12,Directed
196,61,4,Directed
196,62,11,Directed
196,67,1,Directed
196,68,4,Directed
196,69,2,Directed
196,70,2,Directed
196,85,1,Directed
196,88,2,Directed
196,99,1,Directed
196,104,3,Directed
196,109,3,Directed
196,111,3,Directed
196,112,4,Directed
196,113,4,Directed
196,114,14,Directed
196,116,5,Directed
196,118,1,Directed
196,119,11,Directed
196,120,2,Directed
196,126,16,Directed
196,127,6,Directed
196,133,1,Directed
196,135,1,Directed
196,137,5,Directed
196,138,9,Directed
196,141,2,Directed
196,153,30,Directed
196,154,2,Directed
196,157,3,Directed
196,159,2,Directed
196,162,2,Directed
196,164,5,Directed
196,168,3,Directed
196,170,1,Directed
196,171,1,Directed
196,172,4,Directed
196,173,4,Directed
196,190,1,Directed
196,191,5,Directed
196,195,1,Directed
196,197,5,Directed
196,199,3,Directed
196,203,2,Directed
197,1,3,Directed
197,2,1,Directed
197,5,14,Directed
197,10,18,Directed
197,11,9,Directed
197,16,2,Directed
197,18,6,Directed
197,19,7,Directed
197,20,15,Directed
197,22,1,Directed
197,23,3,Directed
197,41,18,Directed
197,46,6,Directed
197,50,5,Directed
197,57,4,Directed
197,62,9,Directed
197,67,4,Directed
197,68,1,Directed
197,75,2,Directed
197,80,7,Directed
197,101,1,Directed
197,109,4,Directed
197,111,5,Directed
197,113,2,Directed
197,114,3,Directed
197,115,1,Directed
197,116,2,Directed
197,126,8,Directed
197,137,8,Directed
197,138,3,Directed
197,153,3,Directed
197,154,1,Directed
197,156,1,Directed
197,157,7,Directed
197,164,4,Directed
197,168,5,Directed
197,169,11,Directed
197,173,4,Directed
197,177,13,Directed
197,190,15,Directed
197,191,20,Directed
197,196,1,Directed
199,1,16,Directed
199,10,1,Directed
199,15,2,Directed
199,18,3,Directed
199,19,2,Directed
199,20,1,Directed
199,23,2,Directed
199,26,11,Directed
199,28,4,Directed
199,30,2,Directed
199,35,1,Directed
199,46,4,Directed
199,57,1,Directed
199,58,2,Directed
199,61,6,Directed
199,62,2,Directed
199,67,1,Directed
199,68,1,Directed
199,86,2,Directed
199,89,2,Directed
199,99,4,Directed
199,104,10,Directed
199,106,1,Directed
199,111,1,Directed
199,112,3,Directed
199,113,4,Directed
199,114,6,Directed
199,119,6,Directed
199,126,5,Directed
199,135,1,Directed
199,137,1,Directed
199,138,5,Directed
199,151,1,Directed
199,153,9,Directed
199,164,3,Directed
199,168,2,Directed
199,173,7,Directed
199,190,3,Directed
199,191,1,Directed
199,196,5,Directed
199,201,1,Directed
200,5,1,Directed
200,26,1,Directed
200,67,4,Directed
200,74,5,Directed
200,79,1,Directed
200,151,5,Directed
201,2,13,Directed
201,15,3,Directed
201,16,8,Directed
201,18,4,Directed
201,21,2,Directed
201,23,1,Directed
201,35,1,Directed
201,37,1,Directed
201,40,2,Directed
201,46,4,Directed
201,57,3,Directed
201,58,4,Directed
201,64,1,Directed
201,68,2,Directed
201,85,1,Directed
201,88,4,Directed
201,89,5,Directed
201,90,18,Directed
201,101,3,Directed
201,104,1,Directed
201,109,3,Directed
201,110,8,Directed
201,111,5,Directed
201,114,1,Directed
201,115,2,Directed
201,119,1,Directed
201,120,1,Directed
201,122,4,Directed
201,129,3,Directed
201,133,1,Directed
201,137,12,Directed
201,138,3,Directed
201,140,10,Directed
201,141,6,Directed
201,157,2,Directed
201,164,1,Directed
201,168,2,Directed
201,169,6,Directed
201,189,2,Directed
201,199,1,Directed
201,202,4,Directed
201,203,5,Directed
202,2,9,Directed
202,5,1,Directed
202,15,5,Directed
202,16,7,Directed
202,18,3,Directed
202,21,1,Directed
202,23,1,Directed
202,28,2,Directed
202,37,5,Directed
202,46,3,Directed
202,57,3,Directed
202,66,3,Directed
202,75,2,Directed
202,85,2,Directed
202,88,5,Directed
202,89,6,Directed
202,90,3,Directed
202,109,2,Directed
202,110,3,Directed
202,111,2,Directed
202,116,1,Directed
202,119,4,Directed
202,137,16,Directed
202,138,3,Directed
202,140,1,Directed
202,141,3,Directed
202,154,4,Directed
202,157,1,Directed
202,164,2,Directed
202,168,4,Directed
202,169,2,Directed
202,171,1,Directed
202,201,3,Directed
202,203,1,Directed
203,2,24,Directed
203,15,14,Directed
203,16,7,Directed
203,18,4,Directed
203,19,1,Directed
203,23,1,Directed
203,37,1,Directed
203,41,2,Directed
203,46,4,Directed
203,57,1,Directed
203,66,2,Directed
203,67,4,Directed
203,68,1,Directed
203,69,4,Directed
203,74,3,Directed
203,75,1,Directed
203,85,2,Directed
203,86,2,Directed
203,88,5,Directed
203,89,2,Directed
203,90,12,Directed
203,101,15,Directed
203,110,2,Directed
203,111,2,Directed
203,113,3,Directed
203,115,2,Directed
203,116,1,Directed
203,119,24,Directed
203,120,21,Directed
203,122,3,Directed
203,126,1,Directed
203,129,13,Directed
203,133,2,Directed
203,135,3,Directed
203,137,2,Directed
203,138,6,Directed
203,140,1,Directed
203,141,2,Directed
203,153,4,Directed
203,154,6,Directed
203,158,2,Directed
203,160,1,Directed
203,161,1,Directed
203,164,7,Directed
203,168,8,Directed
203,169,9,Directed
203,171,2,Directed
203,173,1,Directed
203,189,4,Directed
203,190,1,Directed
203,197,1,Directed
203,201,12,Directed
203,202,1,Directed
